id,name,rate
1001,Autauga ,21
1003,Baldwin ,15
1005,Barbour ,3
1007,Bibb ,2
1009,Blount ,1
1011,Bullock ,11
1013,Butler ,33
1015,Calhoun ,6
1017,Chambers ,33
1019,Cherokee ,7
1021,Chilton ,4
1023,Choctaw ,12
1025,Clarke ,7
1027,Clay ,2
1029,Cleburne ,1
1031,Coffee ,4
1033,Colbert ,9
1035,Conecuh ,9
1037,Coosa ,1
1039,Covington ,17
1041,Crenshaw ,3
1043,Cullman ,7
1045,Dale ,3
1047,Dallas ,13
1049,DeKalb ,7
1051,Elmore ,27
1053,Escambia ,13
1055,Etowah ,15
1057,Fayette ,5
1059,Franklin ,16
1061,Geneva ,0
1063,Greene ,9
1065,Hale ,23
1067,Henry ,4
1069,Houston ,10
1071,Jackson ,4
1073,Jefferson ,185
1075,Lamar ,1
1077,Lauderdale ,8
1079,Lawrence ,0
1081,Lee ,39
1083,Limestone ,6
1085,Lowndes ,25
1087,Macon ,10
1089,Madison ,15
1091,Marengo ,11
1093,Marion ,16
1095,Marshall ,19
1097,Mobile ,166
1099,Monroe ,4
1101,Montgomery ,127
1103,Morgan ,10
1105,Perry ,3
1107,Pickens ,7
1109,Pike ,6
1111,Randolph ,11
1113,Russell ,0
1115,St. Clair ,4
1117,Shelby ,28
1119,Sumter ,13
1121,Talladega ,9
1123,Tallapoosa ,73
1125,Tuscaloosa ,57
1127,Walker ,51
1129,Washington ,9
1131,Wilcox ,9
1133,Winston ,8
2013,Aleutians East Borough,0
2016,Aleutians West Census Area,0
2020,Municipality of Anchorage,9
2050,Bethel Census Area,0
2060,Bristol Bay Borough,0
2068,Denali Borough,0
2070,Dillingham Census Area,0
2090,Fairbanks North Star Borough,2
2100,Haines Borough,0
2105,Hoonah-Angoon Census Area,0
2110,City and Borough of Juneau,2
2122,Kenai Peninsula Borough,2
2130,Ketchikan Gateway Borough,0
2150,Kodiak Island Borough,0
2158,Kusilvak Census Area,0
2164,Lake and Peninsula Borough,0
2170,Matanuska-Susitna Borough,2
2180,Nome Census Area,0
2185,North Slope Borough,0
2188,Northwest Arctic Borough,0
2195,Petersburg Census Area,1
2198,Prince of Wales-Hyder Census Area,0
2220,Sitka City and Borough,0
2230,Skagway Municipality,0
2240,Southeast Fairbanks Census Area,0
2261,Valdez-Cordova Census Area,0
2270,Wade Hampton Census Area,0
2275,Wrangell City and Borough,0
2282,Yakutat City and Borough,0
2290,Yukon-Koyukuk Census Area,0
4001,Apache ,110
4003,Cochise ,29
4005,Coconino ,106
4007,Gila ,16
4009,Graham ,4
4011,Greenlee ,1
4012,La Paz ,8
4013,Maricopa ,1473
4015,Mohave ,115
4017,Navajo ,156
4019,Pima ,382
4021,Pinal ,104
4023,Santa Cruz ,39
4025,Yavapai ,37
4027,Yuma ,181
5001,Arkansas ,1
5003,Ashley ,3
5005,Baxter ,0
5007,Benton ,25
5009,Boone ,1
5011,Bradley ,2
5013,Calhoun ,0
5015,Carroll ,6
5017,Chicot ,3
5019,Clark ,0
5021,Clay ,3
5023,Cleburne ,5
5025,Cleveland ,0
5027,Columbia ,5
5029,Conway ,3
5031,Craighead ,8
5033,Crawford ,3
5035,Crittenden ,14
5037,Cross ,1
5039,Dallas ,0
5041,Desha ,1
5043,Drew ,2
5045,Faulkner ,4
5047,Franklin ,1
5049,Fulton ,0
5051,Garland ,5
5053,Grant ,0
5055,Greene ,0
5057,Hempstead ,1
5059,Hot Spring ,2
5061,Howard ,1
5063,Independence ,0
5065,Izard ,1
5067,Jackson ,0
5069,Jefferson ,30
5071,Johnson ,0
5073,Lafayette ,2
5075,Lawrence ,9
5077,Lee ,5
5079,Lincoln ,11
5081,Little River ,1
5083,Logan ,0
5085,Lonoke ,2
5087,Madison ,1
5089,Marion ,0
5091,Miller ,2
5093,Mississippi ,5
5095,Monroe ,0
5097,Montgomery ,0
5099,Nevada ,6
5101,Newton ,0
5103,Ouachita ,1
5105,Perry ,0
5107,Phillips ,6
5109,Pike ,0
5111,Poinsett ,3
5113,Polk ,0
5115,Pope ,4
5117,Prairie ,0
5119,Pulaski ,69
5121,Randolph ,2
5123,St. Francis ,3
5125,Saline ,3
5127,Scott ,0
5129,Searcy ,0
5131,Sebastian ,9
5133,Sevier ,9
5135,Sharp ,5
5137,Stone ,1
5139,Union ,14
5141,Van Buren ,2
5143,Washington ,37
5145,White ,2
5147,Woodruff ,0
5149,Yell ,12
6000,Grand Princess Cruise Ship,0
6001,Alameda ,162
6003,Alpine ,0
6005,Amador ,0
6007,Butte ,4
6009,Calaveras ,0
6011,Colusa ,0
6013,Contra Costa ,98
6015,Del Norte ,0
6017,El Dorado ,0
6019,Fresno ,100
6021,Glenn ,1
6023,Humboldt ,4
6025,Imperial ,161
6027,Inyo ,1
6029,Kern ,105
6031,Kings ,41
6033,Lake ,1
6035,Lassen ,0
6037,Los Angeles ,4095
6039,Madera ,11
6041,Marin ,42
6043,Mariposa ,1
6045,Mendocino ,3
6047,Merced ,15
6049,Modoc ,0
6051,Mono ,1
6053,Monterey ,18
6055,Napa ,5
6057,Nevada ,1
6059,Orange ,492
6061,Placer ,11
6063,Plumas ,0
6065,Riverside ,587
6067,Sacramento ,96
6069,San Benito ,2
6071,San Bernardino ,328
6073,San Diego ,478
6075,San Francisco ,52
6077,San Joaquin ,83
6079,San Luis Obispo ,6
6081,San Mateo ,114
6083,Santa Barbara ,32
6085,Santa Clara ,177
6087,Santa Cruz ,3
6089,Shasta ,7
6091,Sierra ,0
6093,Siskiyou ,0
6095,Solano ,31
6097,Sonoma ,19
6099,Stanislaus ,63
6101,Sutter ,4
6103,Tehama ,1
6105,Trinity ,0
6107,Tulare ,165
6109,Tuolumne ,1
6111,Ventura ,56
6113,Yolo ,32
6115,Yuba ,3
8001,Adams ,161
8003,Alamosa ,7
8005,Arapahoe ,351
8007,Archuleta ,0
8009,Baca ,0
8011,Bent ,0
8013,Boulder ,74
8014,Broomfield ,30
8015,Chaffee ,19
8017,Cheyenne ,0
8019,Clear Creek ,1
8021,Conejos ,0
8023,Costilla ,0
8025,Crowley ,1
8027,Custer ,0
8029,Delta ,1
8031,Denver ,398
8033,Dolores ,0
8035,Douglas ,54
8037,Eagle ,9
8039,Elbert ,2
8041,El Paso ,119
8043,Fremont ,0
8045,Garfield ,4
8047,Gilpin ,0
8049,Grand ,1
8051,Gunnison ,6
8053,Hinsdale ,0
8055,Huerfano ,1
8057,Jackson ,0
8059,Jefferson ,218
8061,Kiowa ,0
8063,Kit Carson ,3
8065,Lake ,0
8067,La Plata ,2
8069,Larimer ,31
8071,Las Animas ,0
8073,Lincoln ,0
8075,Logan ,5
8077,Mesa ,0
8079,Mineral ,0
8081,Moffat ,1
8083,Montezuma ,3
8085,Montrose ,12
8087,Morgan ,46
8089,Otero ,1
8091,Ouray ,1
8093,Park ,1
8095,Phillips ,0
8097,Pitkin ,2
8099,Prowers ,0
8101,Pueblo ,32
8103,Rio Blanco ,0
8105,Rio Grande ,2
8107,Routt ,6
8109,Saguache ,2
8111,San Juan ,0
8113,San Miguel ,0
8115,Sedgwick ,0
8117,Summit ,4
8119,Teller ,2
8121,Washington ,0
8123,Weld ,139
8125,Yuma ,0
9001,Fairfield ,1395
9003,Hartford ,1403
9005,Litchfield ,138
9007,Middlesex ,189
9009,New Haven ,1090
9011,New London ,102
9013,Tolland ,65
9015,Windham ,14
10001,Kent ,95
10003,New Castle ,250
10005,Sussex ,178
11001,Washington,579
12001,Alachua ,13
12003,Baker ,4
12005,Bay ,9
12007,Bradford ,2
12009,Brevard ,50
12011,Broward ,493
12013,Calhoun ,7
12015,Charlotte ,81
12017,Citrus ,17
12019,Clay ,42
12021,Collier ,107
12023,Columbia ,5
12027,DeSoto ,13
12029,Dixie ,4
12031,Duval ,94
12033,Escambia ,58
12035,Flagler ,7
12037,Franklin ,0
12039,Gadsden ,10
12041,Gilchrist ,0
12043,Glades ,1
12045,Gulf ,0
12047,Hamilton ,2
12049,Hardee ,4
12051,Hendry ,30
12053,Hernando ,13
12055,Highlands ,15
12057,Hillsborough ,235
12059,Holmes ,1
12061,Indian River ,25
12063,Jackson ,10
12065,Jefferson ,4
12067,Lafayette ,0
12069,Lake ,35
12071,Lee ,232
12073,Leon ,10
12075,Levy ,2
12077,Liberty ,2
12079,Madison ,4
12081,Manatee ,143
12083,Marion ,29
12085,Martin ,48
12086,Miami-Dade ,1302
12087,Monroe ,6
12089,Nassau ,4
12091,Okaloosa ,15
12093,Okeechobee ,2
12095,Orange ,120
12097,Osceola ,38
12099,Palm Beach ,679
12101,Pasco ,44
12103,Pinellas ,314
12105,Polk ,174
12107,Putnam ,8
12109,St. Johns ,16
12111,St. Lucie ,80
12113,Santa Rosa ,15
12115,Sarasota ,106
12117,Seminole ,43
12119,Sumter ,21
12121,Suwannee ,22
12123,Taylor ,2
12125,Union ,3
12127,Volusia ,82
12129,Wakulla ,1
12131,Walton ,11
12133,Washington ,13
13001,Appling ,15
13003,Atkinson ,2
13005,Bacon ,5
13007,Baker ,3
13009,Baldwin ,35
13011,Banks ,3
13013,Barrow ,29
13015,Bartow ,46
13017,Ben Hill ,1
13019,Berrien ,0
13021,Bibb ,44
13023,Bleckley ,1
13025,Brantley ,3
13027,Brooks ,12
13029,Bryan ,5
13031,Bulloch ,7
13033,Burke ,7
13035,Butts ,35
13037,Calhoun ,6
13039,Camden ,3
13043,Candler ,0
13045,Carroll ,42
13047,Catoosa ,8
13049,Charlton ,2
13051,Chatham ,40
13053,Chattahoochee ,1
13055,Chattooga ,2
13057,Cherokee ,49
13059,Clarke ,15
13061,Clay ,2
13063,Clayton ,85
13065,Clinch ,4
13067,Cobb ,264
13069,Coffee ,18
13071,Colquitt ,20
13073,Columbia ,14
13075,Cook ,4
13077,Coweta ,16
13079,Crawford ,0
13081,Crisp ,13
13083,Dade ,1
13085,Dawson ,3
13087,Decatur ,8
13089,DeKalb ,188
13091,Dodge ,2
13093,Dooly ,14
13095,Dougherty ,158
13097,Douglas ,41
13099,Early ,31
13101,Echols ,0
13103,Effingham ,1
13105,Elbert ,0
13107,Emanuel ,3
13109,Evans ,0
13111,Fannin ,2
13113,Fayette ,20
13115,Floyd ,15
13117,Forsyth ,16
13119,Franklin ,3
13121,Fulton ,339
13123,Gilmer ,2
13125,Glascock ,0
13127,Glynn ,12
13129,Gordon ,19
13131,Grady ,4
13133,Greene ,10
13135,Gwinnett ,198
13137,Habersham ,41
13139,Hall ,66
13141,Hancock ,33
13143,Haralson ,6
13145,Harris ,13
13147,Hart ,0
13149,Heard ,3
13151,Henry ,34
13153,Houston ,33
13155,Irwin ,1
13157,Jackson ,12
13159,Jasper ,1
13161,Jeff Davis ,3
13163,Jefferson ,5
13165,Jenkins ,14
13167,Johnson ,2
13169,Jones ,1
13171,Lamar ,7
13173,Lanier ,3
13175,Laurens ,1
13177,Lee ,22
13179,Liberty ,2
13181,Lincoln ,2
13183,Long ,1
13185,Lowndes ,19
13187,Lumpkin ,4
13189,McDuffie ,8
13191,McIntosh ,1
13193,Macon ,10
13195,Madison ,4
13197,Marion ,3
13199,Meriwether ,4
13201,Miller ,0
13205,Mitchell ,41
13207,Monroe ,20
13209,Montgomery ,0
13211,Morgan ,0
13213,Murray ,2
13215,Muscogee ,64
13217,Newton ,19
13219,Oconee ,14
13221,Oglethorpe ,7
13223,Paulding ,16
13225,Peach ,10
13227,Pickens ,5
13229,Pierce ,5
13231,Pike ,3
13233,Polk ,2
13235,Pulaski ,2
13237,Putnam ,13
13239,Quitman ,1
13241,Rabun ,3
13243,Randolph ,25
13245,Richmond ,63
13247,Rockdale ,11
13249,Schley ,1
13251,Screven ,8
13253,Seminole ,2
13255,Spalding ,33
13257,Stephens ,6
13259,Stewart ,4
13261,Sumter ,52
13263,Talbot ,3
13265,Taliaferro ,0
13267,Tattnall ,0
13269,Taylor ,2
13271,Telfair ,3
13273,Terrell ,29
13275,Thomas ,33
13277,Tift ,29
13279,Toombs ,6
13281,Towns ,1
13283,Treutlen ,2
13285,Troup ,43
13287,Turner ,18
13289,Twiggs ,1
13291,Union ,4
13293,Upson ,45
13295,Walker ,14
13297,Walton ,32
13299,Ware ,17
13301,Warren ,0
13303,Washington ,1
13305,Wayne ,0
13307,Webster ,2
13309,Wheeler ,0
13311,White ,5
13313,Whitfield ,23
13315,Wilcox ,15
13317,Wilkes ,3
13319,Wilkinson ,9
13321,Worth ,22
15001,Hawaii ,0
15003,Honolulu ,17
15005,Kalawao ,0
15007,Kauai ,0
15009,Maui ,6
16001,Ada ,32
16003,Adams ,0
16005,Bannock ,1
16007,Bear Lake ,0
16009,Benewah ,0
16011,Bingham ,1
16013,Blaine ,5
16015,Boise ,0
16017,Bonner ,0
16019,Bonneville ,1
16021,Boundary ,0
16023,Butte ,0
16025,Camas ,0
16027,Canyon ,19
16029,Caribou ,0
16031,Cassia ,1
16033,Clark ,0
16035,Clearwater ,0
16037,Custer ,0
16039,Elmore ,2
16041,Franklin ,0
16043,Fremont ,0
16045,Gem ,0
16047,Gooding ,1
16049,Idaho ,0
16051,Jefferson ,0
16053,Jerome ,6
16055,Kootenai ,1
16057,Latah ,0
16059,Lemhi ,0
16061,Lewis ,0
16063,Lincoln ,0
16065,Madison ,0
16067,Minidoka ,0
16069,Nez Perce ,19
16071,Oneida ,0
16073,Owyhee ,0
16075,Payette ,2
16077,Power ,0
16079,Shoshone ,0
16081,Teton ,0
16083,Twin Falls ,25
16085,Valley ,1
16087,Washington ,2
17001,Adams ,1
17003,Alexander ,0
17005,Bond ,2
17007,Boone ,21
17009,Brown ,0
17011,Bureau ,2
17013,Calhoun ,0
17015,Carroll ,2
17017,Cass ,10
17019,Champaign ,17
17021,Christian ,4
17023,Clark ,0
17025,Clay ,0
17027,Clinton ,16
17029,Coles ,17
17031,Cook ,4776
17033,Crawford ,0
17035,Cumberland ,1
17037,DeKalb ,23
17039,De Witt ,0
17041,Douglas ,0
17043,DuPage ,497
17045,Edgar ,0
17047,Edwards ,0
17049,Effingham ,1
17051,Fayette ,3
17053,Ford ,1
17055,Franklin ,0
17057,Fulton ,0
17059,Gallatin ,0
17061,Greene ,0
17063,Grundy ,5
17065,Hamilton ,0
17067,Hancock ,1
17069,Hardin ,0
17071,Henderson ,0
17073,Henry ,1
17075,Iroquois ,5
17077,Jackson ,19
17079,Jasper ,7
17081,Jefferson ,17
17083,Jersey ,1
17085,Jo Daviess ,1
17087,Johnson ,0
17089,Kane ,289
17091,Kankakee ,66
17093,Kendall ,21
17095,Knox ,0
17097,Lake ,433
17099,LaSalle ,18
17101,Lawrence ,0
17103,Lee ,2
17105,Livingston ,2
17107,Logan ,0
17109,McDonough ,15
17111,McHenry ,107
17113,McLean ,15
17115,Macon ,22
17117,Macoupin ,3
17119,Madison ,71
17121,Marion ,0
17123,Marshall ,0
17125,Mason ,0
17127,Massac ,0
17129,Menard ,0
17131,Mercer ,0
17133,Monroe ,13
17135,Montgomery ,2
17137,Morgan ,5
17139,Moultrie ,0
17141,Ogle ,5
17143,Peoria ,31
17145,Perry ,1
17147,Piatt ,0
17149,Pike ,0
17151,Pope ,0
17153,Pulaski ,0
17155,Putnam ,0
17157,Randolph ,7
17159,Richland ,0
17161,Rock Island ,30
17163,St. Clair ,150
17165,Saline ,0
17167,Sangamon ,33
17169,Schuyler ,0
17171,Scott ,0
17173,Shelby ,1
17175,Stark ,0
17177,Stephenson ,6
17179,Tazewell ,8
17181,Union ,21
17183,Vermilion ,2
17185,Wabash ,0
17187,Warren ,0
17189,Washington ,0
17191,Wayne ,1
17193,White ,0
17195,Whiteside ,16
17197,Will ,333
17199,Williamson ,4
17201,Winnebago ,108
17203,Woodford ,3
18001,Adams ,1
18003,Allen ,141
18005,Bartholomew ,45
18007,Benton ,0
18009,Blackford ,2
18011,Boone ,45
18013,Brown ,1
18015,Carroll ,2
18017,Cass ,9
18019,Clark ,44
18021,Clay ,5
18023,Clinton ,3
18025,Crawford ,0
18027,Daviess ,17
18029,Dearborn ,25
18031,Decatur ,32
18033,DeKalb ,4
18035,Delaware ,52
18037,Dubois ,7
18039,Elkhart ,64
18041,Fayette ,7
18043,Floyd ,44
18045,Fountain ,2
18047,Franklin ,8
18049,Fulton ,1
18051,Gibson ,2
18053,Grant ,27
18055,Greene ,33
18057,Hamilton ,101
18059,Hancock ,36
18061,Harrison ,22
18063,Hendricks ,103
18065,Henry ,18
18067,Howard ,59
18069,Huntington ,2
18071,Jackson ,3
18073,Jasper ,2
18075,Jay ,0
18077,Jefferson ,2
18079,Jennings ,12
18081,Johnson ,118
18083,Knox ,0
18085,Kosciusko ,8
18087,LaGrange ,10
18089,Lake ,254
18091,LaPorte ,28
18093,Lawrence ,26
18095,Madison ,64
18097,Marion ,706
18099,Marshall ,13
18101,Martin ,0
18103,Miami ,2
18105,Monroe ,28
18107,Montgomery ,20
18109,Morgan ,31
18111,Newton ,10
18113,Noble ,28
18115,Ohio ,2
18117,Orange ,24
18119,Owen ,1
18121,Parke ,0
18123,Perry ,12
18125,Pike ,0
18127,Porter ,38
18129,Posey ,0
18131,Pulaski ,1
18133,Putnam ,8
18135,Randolph ,4
18137,Ripley ,7
18139,Rush ,3
18141,St. Joseph ,73
18143,Scott ,9
18145,Shelby ,25
18147,Spencer ,1
18149,Starke ,4
18151,Steuben ,3
18153,Sullivan ,1
18155,Switzerland ,0
18157,Tippecanoe ,10
18159,Tipton ,2
18161,Union ,0
18163,Vanderburgh ,6
18165,Vermillion ,0
18167,Vigo ,9
18169,Wabash ,3
18171,Warren ,1
18173,Warrick ,29
18175,Washington ,1
18177,Wayne ,6
18179,Wells ,1
18181,White ,10
18183,Whitley ,6
19001,Adair ,0
19003,Adams ,0
19005,Allamakee ,4
19007,Appanoose ,3
19009,Audubon ,1
19011,Benton ,1
19013,Black Hawk ,60
19015,Boone ,1
19017,Bremer ,7
19019,Buchanan ,1
19021,Buena Vista ,12
19023,Butler ,2
19025,Calhoun ,2
19027,Carroll ,1
19029,Cass ,0
19031,Cedar ,1
19033,Cerro Gordo ,12
19035,Cherokee ,1
19037,Chickasaw ,0
19039,Clarke ,3
19041,Clay ,1
19043,Clayton ,3
19045,Clinton ,2
19047,Crawford ,3
19049,Dallas ,34
19051,Davis ,1
19053,Decatur ,0
19055,Delaware ,1
19057,Des Moines ,2
19059,Dickinson ,3
19061,Dubuque ,23
19063,Emmet ,0
19065,Fayette ,0
19067,Floyd ,2
19069,Franklin ,0
19071,Fremont ,0
19073,Greene ,0
19075,Grundy ,0
19077,Guthrie ,5
19079,Hamilton ,1
19081,Hancock ,2
19083,Hardin ,0
19085,Harrison ,0
19087,Henry ,3
19089,Howard ,0
19091,Humboldt ,1
19093,Ida ,0
19095,Iowa ,1
19097,Jackson ,0
19099,Jasper ,17
19101,Jefferson ,0
19103,Johnson ,10
19105,Jones ,1
19107,Keokuk ,1
19109,Kossuth ,0
19111,Lee ,2
19113,Linn ,87
19115,Louisa ,13
19117,Lucas ,4
19119,Lyon ,0
19121,Madison ,2
19123,Mahaska ,17
19125,Marion ,0
19127,Marshall ,20
19129,Mills ,0
19131,Mitchell ,0
19133,Monona ,0
19135,Monroe ,7
19137,Montgomery ,2
19139,Muscatine ,45
19141,O'Brien ,1
19143,Osceola ,0
19145,Page ,0
19147,Palo Alto ,0
19149,Plymouth ,5
19151,Pocahontas ,1
19153,Polk ,189
19155,Pottawattamie ,15
19157,Poweshiek ,8
19159,Ringgold ,1
19161,Sac ,0
19163,Scott ,10
19165,Shelby ,0
19167,Sioux ,0
19169,Story ,8
19171,Tama ,29
19173,Taylor ,0
19175,Union ,1
19177,Van Buren ,1
19179,Wapello ,31
19181,Warren ,1
19183,Washington ,9
19185,Wayne ,1
19187,Webster ,5
19189,Winnebago ,0
19191,Winneshiek ,1
19193,Woodbury ,46
19195,Worth ,0
19197,Wright ,1
20001,Allen ,0
20003,Anderson ,0
20005,Atchison ,0
20007,Barber ,0
20009,Barton ,2
20011,Bourbon ,1
20013,Brown ,0
20015,Butler ,0
20017,Chase ,0
20019,Chautauqua ,0
20021,Cherokee ,1
20023,Cheyenne ,0
20025,Clark ,0
20027,Clay ,2
20029,Cloud ,0
20031,Coffey ,8
20033,Comanche ,0
20035,Cowley ,1
20037,Crawford ,1
20039,Decatur ,0
20041,Dickinson ,1
20043,Doniphan ,0
20045,Douglas ,0
20047,Edwards ,0
20049,Elk ,0
20051,Ellis ,0
20053,Ellsworth ,0
20055,Finney ,10
20057,Ford ,10
20059,Franklin ,1
20061,Geary ,1
20063,Gove ,0
20065,Graham ,0
20067,Grant ,2
20069,Gray ,0
20071,Greeley ,0
20073,Greenwood ,0
20075,Hamilton ,0
20077,Harper ,0
20079,Harvey ,3
20081,Haskell ,0
20083,Hodgeman ,0
20085,Jackson ,1
20087,Jefferson ,0
20089,Jewell ,0
20091,Johnson ,96
20093,Kearny ,1
20095,Kingman ,0
20097,Kiowa ,0
20099,Labette ,0
20101,Lane ,0
20103,Leavenworth ,7
20105,Lincoln ,0
20107,Linn ,0
20109,Logan ,0
20111,Lyon ,7
20113,McPherson ,0
20115,Marion ,1
20117,Marshall ,0
20119,Meade ,0
20121,Miami ,0
20123,Mitchell ,0
20125,Montgomery ,3
20127,Morris ,0
20129,Morton ,2
20131,Nemaha ,0
20133,Neosho ,0
20135,Ness ,0
20137,Norton ,0
20139,Osage ,0
20141,Osborne ,0
20143,Ottawa ,0
20145,Pawnee ,0
20147,Phillips ,4
20149,Pottawatomie ,0
20151,Pratt ,0
20153,Rawlins ,0
20155,Reno ,0
20157,Republic ,0
20159,Rice ,0
20161,Riley ,3
20163,Rooks ,0
20165,Rush ,0
20167,Russell ,0
20169,Saline ,3
20171,Scott ,0
20173,Sedgwick ,32
20175,Seward ,2
20177,Shawnee ,13
20179,Sheridan ,0
20181,Sherman ,0
20183,Smith ,0
20185,Stafford ,0
20187,Stanton ,0
20189,Stevens ,0
20191,Sumner ,1
20193,Thomas ,0
20195,Trego ,0
20197,Wabaunsee ,0
20199,Wallace ,0
20201,Washington ,0
20203,Wichita ,0
20205,Wilson ,0
20207,Woodson ,0
20209,Wyandotte ,89
21001,Adair ,19
21003,Allen ,7
21005,Anderson ,1
21007,Ballard ,0
21009,Barren ,2
21011,Bath ,1
21013,Bell ,1
21015,Boone ,23
21017,Bourbon ,1
21019,Boyd ,3
21021,Boyle ,0
21023,Bracken ,0
21025,Breathitt ,0
21027,Breckinridge ,2
21029,Bullitt ,4
21031,Butler ,14
21033,Caldwell ,0
21035,Calloway ,1
21037,Campbell ,13
21039,Carlisle ,1
21041,Carroll ,2
21043,Carter ,1
21045,Casey ,5
21047,Christian ,4
21049,Clark ,7
21051,Clay ,4
21053,Clinton ,0
21055,Crittenden ,1
21057,Cumberland ,0
21059,Daviess ,8
21061,Edmonson ,12
21063,Elliott ,0
21065,Estill ,0
21067,Fayette ,41
21069,Fleming ,0
21071,Floyd ,1
21073,Franklin ,5
21075,Fulton ,1
21077,Gallatin ,8
21079,Garrard ,0
21081,Grant ,5
21083,Graves ,21
21085,Grayson ,11
21087,Green ,1
21089,Greenup ,0
21091,Hancock ,0
21093,Hardin ,7
21095,Harlan ,2
21097,Harrison ,0
21099,Hart ,0
21101,Henderson ,3
21103,Henry ,2
21105,Hickman ,0
21107,Hopkins ,33
21109,Jackson ,14
21111,Jefferson ,215
21113,Jessamine ,0
21115,Johnson ,0
21117,Kenton ,37
21119,Knott ,0
21121,Knox ,7
21123,Larue ,1
21125,Laurel ,4
21127,Lawrence ,0
21129,Lee ,0
21131,Leslie ,0
21133,Letcher ,0
21135,Lewis ,0
21137,Lincoln ,1
21139,Livingston ,0
21141,Logan ,19
21143,Lyon ,3
21145,McCracken ,3
21147,McCreary ,0
21149,McLean ,1
21151,Madison ,1
21153,Magoffin ,0
21155,Marion ,0
21157,Marshall ,2
21159,Martin ,0
21161,Mason ,1
21163,Meade ,2
21165,Menifee ,0
21167,Mercer ,0
21169,Metcalfe ,2
21171,Monroe ,2
21173,Montgomery ,0
21175,Morgan ,0
21177,Muhlenberg ,9
21179,Nelson ,2
21181,Nicholas ,0
21183,Ohio ,1
21185,Oldham ,8
21187,Owen ,0
21189,Owsley ,0
21191,Pendleton ,0
21193,Perry ,2
21195,Pike ,3
21197,Powell ,0
21199,Pulaski ,2
21201,Robertson ,0
21203,Rockcastle ,0
21205,Rowan ,0
21207,Russell ,5
21209,Scott ,0
21211,Shelby ,21
21213,Simpson ,4
21215,Spencer ,0
21217,Taylor ,1
21219,Todd ,0
21221,Trigg ,0
21223,Trimble ,0
21225,Union ,0
21227,Warren ,19
21229,Washington ,0
21231,Wayne ,0
21233,Webster ,0
21235,Whitley ,0
21237,Wolfe ,0
21239,Woodford ,0
22001,Acadia Parish,51
22003,Allen Parish,14
22005,Ascension Parish,64
22007,Assumption Parish,17
22009,Avoyelles Parish,20
22011,Beauregard Parish,9
22013,Bienville Parish,28
22015,Bossier Parish,45
22017,Caddo Parish,257
22019,Calcasieu Parish,80
22021,Caldwell Parish,1
22023,Cameron Parish,0
22025,Catahoula Parish,3
22027,Claiborne Parish,10
22029,Concordia Parish,7
22031,De Soto Parish,21
22033,East Baton Rouge Parish,288
22035,East Carroll Parish,1
22037,East Feliciana Parish,34
22039,Evangeline Parish,2
22041,Franklin Parish,14
22043,Grant Parish,3
22045,Iberia Parish,53
22047,Iberville Parish,43
22049,Jackson Parish,18
22051,Jefferson Parish,500
22053,Jefferson Davis Parish,16
22055,Lafayette Parish,59
22057,Lafourche Parish,92
22059,La Salle Parish,1
22061,Lincoln Parish,20
22063,Livingston Parish,42
22065,Madison Parish,6
22067,Morehouse Parish,10
22069,Natchitoches Parish,14
22071,Orleans Parish,545
22073,Ouachita Parish,96
22075,Plaquemines Parish,18
22077,Pointe Coupee Parish,28
22079,Rapides Parish,85
22081,Red River Parish,9
22083,Richland Parish,5
22085,Sabine Parish,3
22087,St. Bernard Parish,24
22089,St. Charles Parish,50
22091,St. Helena Parish,1
22093,St. James Parish,30
22095,St. John the Baptist Parish,88
22097,St. Landry Parish,63
22099,St. Martin Parish,31
22101,St. Mary Parish,39
22103,St. Tammany Parish,189
22105,Tangipahoa Parish,47
22107,Tensas Parish,0
22109,Terrebonne Parish,68
22111,Union Parish,30
22113,Vermilion Parish,9
22115,Vernon Parish,13
22117,Washington Parish,51
22119,Webster Parish,12
22121,West Baton Rouge Parish,32
22123,West Carroll Parish,5
22125,West Feliciana Parish,14
22127,Winn Parish,5
23001,Androscoggin ,5
23003,Aroostook ,1
23005,Cumberland ,67
23007,Franklin ,1
23009,Hancock ,1
23011,Kennebec ,10
23013,Knox ,1
23015,Lincoln ,0
23017,Oxford ,0
23019,Penobscot ,5
23021,Piscataquis ,0
23023,Sagadahoc ,0
23025,Somerset ,0
23027,Waldo ,14
23029,Washington ,0
23031,York ,12
24001,Allegany ,18
24003,Anne Arundel ,213
24005,Baltimore ,512
24009,Calvert ,27
24011,Caroline ,3
24013,Carroll ,116
24015,Cecil ,29
24017,Charles ,90
24019,Dorchester ,5
24021,Frederick ,120
24023,Garrett ,0
24025,Harford ,66
24027,Howard ,98
24029,Kent ,23
24031,Montgomery ,772
24033,Prince George's ,723
24035,Queen Anne's ,23
24037,St. Mary's ,52
24039,Somerset ,3
24041,Talbot ,4
24043,Washington ,29
24045,Wicomico ,42
24047,Worcester ,18
24510,Baltimore City,384
25001,Barnstable ,154
25003,Berkshire ,45
25005,Bristol ,609
25007,Dukes ,0
25009,Essex ,1143
25011,Franklin ,58
25013,Hampden ,682
25015,Hampshire ,120
25017,Middlesex ,1947
25019,Nantucket ,1
25021,Norfolk ,967
25023,Plymouth ,695
25025,Suffolk ,1035
25027,Worcester ,969
26001,Alcona ,1
26003,Alger ,0
26005,Allegan ,7
26007,Alpena ,13
26009,Antrim ,0
26011,Arenac ,3
26013,Baraga ,0
26015,Barry ,2
26017,Bay ,31
26019,Benzie ,1
26021,Berrien ,61
26023,Branch ,2
26025,Calhoun ,39
26027,Cass ,7
26029,Charlevoix ,2
26031,Cheboygan ,2
26033,Chippewa ,0
26035,Clare ,3
26037,Clinton ,12
26039,Crawford ,5
26041,Delta ,3
26043,Dickinson ,2
26045,Eaton ,7
26047,Emmet ,2
26049,Genesee ,292
26051,Gladwin ,1
26053,Gogebic ,1
26055,Grand Traverse ,5
26057,Gratiot ,14
26059,Hillsdale ,25
26061,Houghton ,0
26063,Huron ,3
26065,Ingham ,29
26067,Ionia ,5
26069,Iosco ,11
26071,Iron ,1
26073,Isabella ,8
26075,Jackson ,32
26077,Kalamazoo ,73
26079,Kalkaska ,3
26081,Kent ,147
26083,Keweenaw ,0
26085,Lake ,0
26087,Lapeer ,32
26089,Leelanau ,0
26091,Lenawee ,11
26093,Livingston ,28
26095,Luce ,0
26097,Mackinac ,0
26099,Macomb ,933
26101,Manistee ,0
26103,Marquette ,11
26105,Mason ,0
26107,Mecosta ,2
26109,Menominee ,0
26111,Midland ,9
26113,Missaukee ,1
26115,Monroe ,22
26117,Montcalm ,1
26119,Montmorency ,0
26121,Muskegon ,55
26123,Newaygo ,0
26125,Oakland ,1114
26127,Oceana ,5
26129,Ogemaw ,2
26131,Ontonagon ,0
26133,Osceola ,0
26135,Oscoda ,1
26137,Otsego ,10
26139,Ottawa ,53
26141,Presque Isle ,0
26143,Roscommon ,0
26145,Saginaw ,125
26147,St. Clair ,53
26149,St. Joseph ,6
26151,Sanilac ,6
26153,Schoolcraft ,0
26155,Shiawassee ,28
26157,Tuscola ,27
26159,Van Buren ,9
26161,Washtenaw ,109
26163,Wayne ,2781
26165,Wexford ,4
27001,Aitkin ,0
27003,Anoka ,110
27005,Becker ,0
27007,Beltrami ,0
27009,Benton ,3
27011,Big Stone ,0
27013,Blue Earth ,2
27015,Brown ,2
27017,Carlton ,0
27019,Carver ,2
27021,Cass ,2
27023,Chippewa ,1
27025,Chisago ,1
27027,Clay ,38
27029,Clearwater ,0
27031,Cook ,0
27033,Cottonwood ,0
27035,Crow Wing ,12
27037,Dakota ,100
27039,Dodge ,0
27041,Douglas ,0
27043,Faribault ,0
27045,Fillmore ,0
27047,Freeborn ,1
27049,Goodhue ,8
27051,Grant ,1
27053,Hennepin ,802
27055,Houston ,0
27057,Hubbard ,0
27059,Isanti ,0
27061,Itasca ,12
27063,Jackson ,0
27065,Kanabec ,1
27067,Kandiyohi ,1
27069,Kittson ,0
27071,Koochiching ,2
27073,Lac qui Parle ,0
27075,Lake ,0
27077,Lake of the Woods ,0
27079,Le Sueur ,1
27081,Lincoln ,0
27083,Lyon ,3
27085,McLeod ,0
27087,Mahnomen ,1
27089,Marshall ,0
27091,Martin ,5
27093,Meeker ,1
27095,Mille Lacs ,2
27097,Morrison ,1
27099,Mower ,2
27101,Murray ,0
27103,Nicollet ,13
27105,Nobles ,6
27107,Norman ,0
27109,Olmsted ,20
27111,Otter Tail ,1
27113,Pennington ,0
27115,Pine ,0
27117,Pipestone ,5
27119,Polk ,3
27121,Pope ,0
27123,Ramsey ,248
27125,Red Lake ,0
27127,Redwood ,0
27129,Renville ,4
27131,Rice ,8
27133,Rock ,0
27135,Roseau ,0
27137,St. Louis ,16
27139,Scott ,7
27141,Sherburne ,5
27143,Sibley ,2
27145,Stearns ,19
27147,Steele ,1
27149,Stevens ,0
27151,Swift ,1
27153,Todd ,2
27155,Traverse ,0
27157,Wabasha ,0
27159,Wadena ,0
27161,Waseca ,0
27163,Washington ,40
27165,Watonwan ,0
27167,Wilkin ,3
27169,Winona ,16
27171,Wright ,4
27173,Yellow Medicine ,0
28001,Adams ,22
28003,Alcorn ,2
28005,Amite ,4
28007,Attala ,23
28009,Benton ,0
28011,Bolivar ,18
28013,Calhoun ,5
28015,Carroll ,11
28017,Chickasaw ,19
28019,Choctaw ,4
28021,Claiborne ,11
28023,Clarke ,25
28025,Clay ,12
28027,Coahoma ,7
28029,Copiah ,20
28031,Covington ,6
28033,DeSoto ,20
28035,Forrest ,45
28037,Franklin ,2
28039,George ,3
28041,Greene ,10
28043,Grenada ,15
28045,Hancock ,14
28047,Harrison ,18
28049,Hinds ,70
28051,Holmes ,43
28053,Humphreys ,10
28055,Issaquena ,1
28057,Itawamba ,8
28059,Jackson ,21
28061,Jasper ,6
28063,Jefferson ,3
28065,Jefferson Davis ,4
28067,Jones ,53
28069,Kemper ,15
28071,Lafayette ,4
28073,Lamar ,8
28075,Lauderdale ,83
28077,Lawrence ,2
28079,Leake ,21
28081,Lee ,24
28083,Leflore ,56
28085,Lincoln ,36
28087,Lowndes ,17
28089,Madison ,44
28091,Marion ,12
28093,Marshall ,4
28095,Monroe ,43
28097,Montgomery ,3
28099,Neshoba ,81
28101,Newton ,10
28103,Noxubee ,10
28105,Oktibbeha ,28
28107,Panola ,6
28109,Pearl River ,32
28111,Perry ,5
28113,Pike ,25
28115,Pontotoc ,6
28117,Prentiss ,6
28119,Quitman ,1
28121,Rankin ,22
28123,Scott ,16
28125,Sharkey ,0
28127,Simpson ,5
28129,Smith ,12
28131,Stone ,2
28133,Sunflower ,11
28135,Tallahatchie ,4
28137,Tate ,18
28139,Tippah ,11
28141,Tishomingo ,1
28143,Tunica ,3
28145,Union ,11
28147,Walthall ,12
28149,Warren ,22
28151,Washington ,18
28153,Wayne ,20
28155,Webster ,11
28157,Wilkinson ,11
28159,Winston ,13
28161,Yalobusha ,9
28163,Yazoo ,7
29001,Adair ,0
29003,Andrew ,1
29005,Atchison ,0
29007,Audrain ,1
29009,Barry ,0
29011,Barton ,0
29013,Bates ,1
29015,Benton ,0
29017,Bollinger ,1
29019,Boone ,2
29021,Buchanan ,6
29023,Butler ,0
29025,Caldwell ,1
29027,Callaway ,1
29029,Camden ,2
29031,Cape Girardeau ,3
29033,Carroll ,0
29035,Carter ,1
29037,Cass ,8
29039,Cedar ,0
29041,Chariton ,0
29043,Christian ,1
29045,Clark ,0
29047,Clay ,13
29049,Clinton ,0
29051,Cole ,2
29053,Cooper ,0
29055,Crawford ,0
29057,Dade ,0
29059,Dallas ,1
29061,Daviess ,0
29063,DeKalb ,1
29065,Dent ,0
29067,Douglas ,1
29069,Dunklin ,3
29071,Franklin ,18
29073,Gasconade ,0
29075,Gentry ,9
29077,Greene ,9
29079,Grundy ,1
29081,Harrison ,1
29083,Henry ,3
29085,Hickory ,0
29087,Holt ,0
29089,Howard ,0
29091,Howell ,0
29093,Iron ,0
29095,Jackson  (including other portions of Kansas City),83
29097,Jasper ,17
29099,Jefferson ,22
29101,Johnson ,1
29103,Knox ,0
29105,Laclede ,1
29107,Lafayette ,2
29109,Lawrence ,2
29111,Lewis ,1
29113,Lincoln ,1
29115,Linn ,1
29117,Livingston ,0
29119,McDonald ,1
29121,Macon ,0
29123,Madison ,0
29125,Maries ,0
29127,Marion ,0
29129,Mercer ,0
29131,Miller ,0
29133,Mississippi ,0
29135,Moniteau ,2
29137,Monroe ,0
29139,Montgomery ,0
29141,Morgan ,0
29143,New Madrid ,1
29145,Newton ,2
29147,Nodaway ,0
29149,Oregon ,0
29151,Osage ,0
29153,Ozark ,0
29155,Pemiscot ,6
29157,Perry ,3
29159,Pettis ,2
29161,Phelps ,0
29163,Pike ,1
29165,Platte ,6
29167,Polk ,0
29169,Pulaski ,1
29171,Putnam ,0
29173,Ralls ,0
29175,Randolph ,1
29177,Ray ,0
29179,Reynolds ,0
29181,Ripley ,0
29183,St. Charles ,79
29185,St. Clair ,0
29186,Ste. Genevieve ,1
29187,St. Francois ,2
29189,St. Louis ,606
29195,Saline ,5
29197,Schuyler ,0
29199,Scotland ,1
29201,Scott ,13
29203,Shannon ,0
29205,Shelby ,0
29207,Stoddard ,9
29209,Stone ,0
29211,Sullivan ,0
29213,Taney ,3
29215,Texas ,0
29217,Vernon ,0
29219,Warren ,0
29221,Washington ,1
29223,Wayne ,0
29225,Webster ,1
29227,Worth ,0
29229,Wright ,0
29510,City of St. Louis,160
30001,Beaverhead ,0
30003,Big Horn ,5
30005,Blaine ,0
30007,Broadwater ,0
30009,Carbon ,0
30011,Carter ,0
30013,Cascade ,2
30015,Chouteau ,0
30017,Custer ,0
30019,Daniels ,0
30021,Dawson ,0
30023,Deer Lodge ,0
30025,Fallon ,0
30027,Fergus ,0
30029,Flathead ,2
30031,Gallatin ,1
30033,Garfield ,0
30035,Glacier ,0
30037,Golden Valley ,0
30039,Granite ,0
30041,Hill ,0
30043,Jefferson ,0
30045,Judith Basin ,0
30047,Lake ,0
30049,Lewis and Clark ,1
30051,Liberty ,0
30053,Lincoln ,1
30055,McCone ,0
30057,Madison ,1
30059,Meagher ,0
30061,Mineral ,0
30063,Missoula ,1
30065,Musselshell ,0
30067,Park ,0
30069,Petroleum ,0
30071,Phillips ,0
30073,Pondera ,0
30075,Powder River ,0
30077,Powell ,0
30079,Prairie ,0
30081,Ravalli ,1
30083,Richland ,0
30085,Roosevelt ,0
30087,Rosebud ,1
30089,Sanders ,0
30091,Sheridan ,0
30093,Silver Bow ,0
30095,Stillwater ,0
30097,Sweet Grass ,0
30099,Teton ,0
30101,Toole ,6
30103,Treasure ,0
30105,Valley ,0
30107,Wheatland ,0
30109,Wibaux ,0
30111,Yellowstone ,15
31001,Adams ,11
31003,Antelope ,1
31005,Arthur ,0
31007,Banner ,0
31009,Blaine ,0
31011,Boone ,0
31013,Box Butte ,0
31015,Boyd ,0
31017,Brown ,0
31019,Buffalo ,1
31021,Burt ,0
31023,Butler ,0
31025,Cass ,1
31027,Cedar ,0
31029,Chase ,0
31031,Cherry ,0
31033,Cheyenne ,0
31035,Clay ,0
31037,Colfax ,4
31039,Cuming ,0
31041,Custer ,4
31043,Dakota ,37
31045,Dawes ,0
31047,Dawson ,8
31049,Deuel ,0
31051,Dixon ,2
31053,Dodge ,8
31055,Douglas ,110
31057,Dundy ,0
31059,Fillmore ,1
31061,Franklin ,0
31063,Frontier ,0
31065,Furnas ,1
31067,Gage ,4
31069,Garden ,0
31071,Garfield ,0
31073,Gosper ,0
31075,Grant ,0
31077,Greeley ,0
31079,Hall ,47
31081,Hamilton ,12
31083,Harlan ,0
31085,Hayes ,0
31087,Hitchcock ,0
31089,Holt ,0
31091,Hooker ,0
31093,Howard ,4
31095,Jefferson ,0
31097,Johnson ,0
31099,Kearney ,0
31101,Keith ,0
31103,Keya Paha ,0
31105,Kimball ,0
31107,Knox ,0
31109,Lancaster ,13
31111,Lincoln ,2
31113,Logan ,0
31115,Loup ,0
31117,McPherson ,0
31119,Madison ,4
31121,Merrick ,0
31123,Morrill ,0
31125,Nance ,0
31127,Nemaha ,0
31129,Nuckolls ,0
31131,Otoe ,0
31133,Pawnee ,0
31135,Perkins ,0
31137,Phelps ,0
31139,Pierce ,0
31141,Platte ,3
31143,Polk ,0
31145,Red Willow ,0
31147,Richardson ,1
31149,Rock ,0
31151,Saline ,2
31153,Sarpy ,8
31155,Saunders ,2
31157,Scotts Bluff ,5
31159,Seward ,1
31161,Sheridan ,0
31163,Sherman ,0
31165,Sioux ,0
31167,Stanton ,0
31169,Thayer ,0
31171,Thomas ,0
31173,Thurston ,1
31175,Valley ,0
31177,Washington ,1
31179,Wayne ,0
31181,Webster ,0
31183,Wheeler ,0
31185,York ,0
32001,Churchill ,1
32003,Clark ,527
32005,Douglas ,0
32007,Elko ,1
32009,Esmeralda ,0
32011,Eureka ,0
32013,Humboldt ,4
32015,Lander ,0
32017,Lincoln ,0
32019,Lyon ,2
32021,Mineral ,0
32023,Nye ,4
32027,Pershing ,0
32029,Storey ,0
32031,Washoe ,101
32033,White Pine ,1
32510,Carson City,6
33001,Belknap ,4
33003,Carroll ,0
33005,Cheshire ,2
33007,Coos ,0
33009,Grafton ,1
33011,Hillsborough ,265
33013,Merrimack ,20
33015,Rockingham ,92
33017,Strafford ,13
33019,Sullivan ,1
34001,Atlantic ,237
34003,Bergen ,2033
34005,Burlington ,459
34007,Camden ,559
34009,Cape May ,82
34011,Cumberland ,154
34013,Essex ,2093
34015,Gloucester ,197
34017,Hudson ,1498
34019,Hunterdon ,126
34021,Mercer ,608
34023,Middlesex ,1397
34025,Monmouth ,848
34027,Morris ,826
34029,Ocean ,1008
34031,Passaic ,1238
34033,Salem ,80
34035,Somerset ,553
34037,Sussex ,195
34039,Union ,1344
34041,Warren ,171
35001,Bernalillo ,100
35003,Catron ,1
35005,Chaves ,4
35006,Cibola ,15
35007,Colfax ,1
35009,Curry ,1
35011,De Baca ,0
35013,Dona Ana ,13
35015,Eddy ,2
35017,Grant ,0
35019,Guadalupe ,0
35021,Harding ,0
35023,Hidalgo ,0
35025,Lea ,0
35027,Lincoln ,0
35028,Los Alamos ,0
35029,Luna ,3
35031,McKinley ,199
35033,Mora ,0
35035,Otero ,10
35037,Quay ,1
35039,Rio Arriba ,1
35041,Roosevelt ,1
35043,Sandoval ,31
35045,San Juan ,176
35047,San Miguel ,0
35049,Santa Fe ,3
35051,Sierra ,0
35053,Socorro ,5
35055,Taos ,1
35057,Torrance ,1
35059,Union ,0
35061,Valencia ,2
1,New York City Unallocated/Probable,35
36001,Albany ,110
36003,Allegany ,2
36005,Bronx ,4816
36007,Broome ,66
36009,Cattaraugus ,6
36011,Cayuga ,2
36013,Chautauqua ,3
36015,Chemung ,3
36017,Chenango ,6
36019,Clinton ,4
36021,Columbia ,47
36023,Cortland ,1
36025,Delaware ,4
36027,Dutchess ,153
36029,Erie ,584
36031,Essex ,0
36033,Franklin ,1
36035,Fulton ,26
36037,Genesee ,6
36039,Greene ,13
36041,Hamilton ,1
36043,Herkimer ,3
36045,Jefferson ,0
36047,Kings ,7205
36049,Lewis ,5
36051,Livingston ,4
36053,Madison ,9
36055,Monroe ,249
36057,Montgomery ,4
36059,Nassau ,2193
36061,New York ,3138
36063,Niagara ,86
36065,Oneida ,112
36067,Onondaga ,168
36069,Ontario ,27
36071,Orange ,404
36073,Orleans ,55
36075,Oswego ,3
36077,Otsego ,4
36079,Putnam ,63
36081,Queens ,7131
36083,Rensselaer ,35
36085,Richmond ,1075
36087,Rockland ,506
36089,St. Lawrence ,4
36091,Saratoga ,15
36093,Schenectady ,36
36095,Schoharie ,2
36097,Schuyler ,0
36099,Seneca ,1
36101,Steuben ,29
36103,Suffolk ,1994
36105,Sullivan ,37
36107,Tioga ,20
36109,Tompkins ,0
36111,Ulster ,81
36113,Warren ,30
36115,Washington ,14
36117,Wayne ,2
36119,Westchester ,1440
36121,Wyoming ,5
36123,Yates ,6
37001,Alamance ,39
37003,Alexander ,1
37005,Alleghany ,0
37007,Anson ,1
37009,Ashe ,1
37011,Avery ,0
37013,Beaufort ,0
37015,Bertie ,4
37017,Bladen ,5
37019,Brunswick ,11
37021,Buncombe ,40
37023,Burke ,22
37025,Cabarrus ,34
37027,Caldwell ,6
37029,Camden ,2
37031,Carteret ,4
37033,Caswell ,2
37035,Catawba ,14
37037,Chatham ,47
37039,Cherokee ,2
37041,Chowan ,0
37043,Clay ,0
37045,Cleveland ,10
37047,Columbus ,39
37049,Craven ,8
37051,Cumberland ,46
37053,Currituck ,0
37055,Dare ,1
37057,Davidson ,16
37059,Davie ,3
37061,Duplin ,33
37063,Durham ,72
37065,Edgecombe ,10
37067,Forsyth ,41
37069,Franklin ,23
37071,Gaston ,19
37073,Gates ,2
37075,Graham ,0
37077,Granville ,25
37079,Greene ,3
37081,Guilford ,132
37083,Halifax ,4
37085,Harnett ,32
37087,Haywood ,0
37089,Henderson ,52
37091,Hertford ,11
37093,Hoke ,5
37095,Hyde ,0
37097,Iredell ,11
37099,Jackson ,3
37101,Johnston ,38
37103,Jones ,3
37105,Lee ,8
37107,Lenoir ,11
37109,Lincoln ,2
37111,McDowell ,3
37113,Macon ,1
37115,Madison ,0
37117,Martin ,6
37119,Mecklenburg ,170
37121,Mitchell ,1
37123,Montgomery ,10
37125,Moore ,14
37127,Nash ,6
37129,New Hanover ,11
37131,Northampton ,16
37133,Onslow ,6
37135,Orange ,45
37137,Pamlico ,1
37139,Pasquotank ,17
37141,Pender ,2
37143,Perquimans ,2
37145,Person ,1
37147,Pitt ,6
37149,Polk ,5
37151,Randolph ,34
37153,Richmond ,7
37155,Robeson ,46
37157,Rockingham ,3
37159,Rowan ,43
37161,Rutherford ,11
37163,Sampson ,8
37165,Scotland ,2
37167,Stanly ,5
37169,Stokes ,1
37171,Surry ,4
37173,Swain ,2
37175,Transylvania ,1
37177,Tyrrell ,1
37179,Union ,32
37181,Vance ,40
37183,Wake ,89
37185,Warren ,6
37187,Washington ,3
37189,Watauga ,0
37191,Wayne ,34
37193,Wilkes ,7
37195,Wilson ,28
37197,Yadkin ,6
37199,Yancey ,0
38001,Adams ,0
38003,Barnes ,0
38005,Benson ,1
38007,Billings ,0
38009,Bottineau ,0
38011,Bowman ,0
38013,Burke ,0
38015,Burleigh ,1
38017,Cass ,73
38019,Cavalier ,0
38021,Dickey ,0
38023,Divide ,0
38025,Dunn ,0
38027,Eddy ,0
38029,Emmons ,1
38031,Foster ,0
38033,Golden Valley ,0
38035,Grand Forks ,4
38037,Grant ,0
38039,Griggs ,0
38041,Hettinger ,0
38043,Kidder ,0
38045,LaMoure ,0
38047,Logan ,0
38049,McHenry ,1
38051,McIntosh ,0
38053,McKenzie ,0
38055,McLean ,0
38057,Mercer ,0
38059,Morton ,3
38061,Mountrail ,1
38063,Nelson ,0
38065,Oliver ,0
38067,Pembina ,0
38069,Pierce ,0
38071,Ramsey ,1
38073,Ransom ,0
38075,Renville ,0
38077,Richland ,0
38079,Rolette ,0
38081,Sargent ,0
38083,Sheridan ,0
38085,Sioux ,0
38087,Slope ,0
38089,Stark ,3
38091,Steele ,0
38093,Stutsman ,2
38095,Towner ,0
38097,Traill ,0
38099,Walsh ,0
38101,Ward ,1
38103,Wells ,0
38105,Williams ,0
39001,Adams ,2
39003,Allen ,41
39005,Ashland ,4
39007,Ashtabula ,44
39009,Athens ,1
39011,Auglaize ,5
39013,Belmont ,25
39015,Brown ,1
39017,Butler ,51
39019,Carroll ,4
39021,Champaign ,1
39023,Clark ,11
39025,Clermont ,8
39027,Clinton ,2
39029,Columbiana ,62
39031,Coshocton ,4
39033,Crawford ,5
39035,Cuyahoga ,421
39037,Darke ,26
39039,Defiance ,3
39041,Delaware ,15
39043,Erie ,22
39045,Fairfield ,18
39047,Fayette ,0
39049,Franklin ,467
39051,Fulton ,0
39053,Gallia ,1
39055,Geauga ,43
39057,Greene ,10
39059,Guernsey ,4
39061,Hamilton ,218
39063,Hancock ,2
39065,Hardin ,12
39067,Harrison ,1
39069,Henry ,0
39071,Highland ,1
39073,Hocking ,8
39075,Holmes ,5
39077,Huron ,3
39079,Jackson ,0
39081,Jefferson ,2
39083,Knox ,1
39085,Lake ,24
39087,Lawrence ,0
39089,Licking ,15
39091,Logan ,1
39093,Lorain ,73
39095,Lucas ,307
39097,Madison ,9
39099,Mahoning ,241
39101,Marion ,39
39103,Medina ,32
39105,Meigs ,0
39107,Mercer ,11
39109,Miami ,31
39111,Monroe ,17
39113,Montgomery ,46
39115,Morgan ,0
39117,Morrow ,1
39119,Muskingum ,1
39121,Noble ,0
39123,Ottawa ,24
39125,Paulding ,1
39127,Perry ,1
39129,Pickaway ,42
39131,Pike ,0
39133,Portage ,59
39135,Preble ,1
39137,Putnam ,16
39139,Richland ,8
39141,Ross ,4
39143,Sandusky ,15
39145,Scioto ,0
39147,Seneca ,2
39149,Shelby ,4
39151,Stark ,120
39153,Summit ,211
39155,Trumbull ,83
39157,Tuscarawas ,11
39159,Union ,1
39161,Van Wert ,1
39163,Vinton ,2
39165,Warren ,28
39167,Washington ,21
39169,Wayne ,56
39171,Williams ,3
39173,Wood ,53
39175,Wyandot ,5
40001,Adair ,4
40003,Alfalfa ,0
40005,Atoka ,0
40007,Beaver ,0
40009,Beckham ,0
40011,Blaine ,0
40013,Bryan ,1
40015,Caddo ,11
40017,Canadian ,4
40019,Carter ,3
40021,Cherokee ,1
40023,Choctaw ,1
40025,Cimarron ,0
40027,Cleveland ,40
40029,Coal ,0
40031,Comanche ,9
40033,Cotton ,2
40035,Craig ,0
40037,Creek ,9
40039,Custer ,0
40041,Delaware ,19
40043,Dewey ,0
40045,Ellis ,0
40047,Garfield ,2
40049,Garvin ,3
40051,Grady ,5
40053,Grant ,0
40055,Greer ,7
40057,Harmon ,0
40059,Harper ,0
40061,Haskell ,0
40063,Hughes ,1
40065,Jackson ,3
40067,Jefferson ,0
40069,Johnston ,0
40071,Kay ,9
40073,Kingfisher ,0
40075,Kiowa ,1
40077,Latimer ,1
40079,Le Flore ,1
40081,Lincoln ,2
40083,Logan ,1
40085,Love ,0
40087,McClain ,4
40089,McCurtain ,13
40091,McIntosh ,1
40093,Major ,1
40095,Marshall ,0
40097,Mayes ,5
40099,Murray ,0
40101,Muskogee ,14
40103,Noble ,1
40105,Nowata ,1
40107,Okfuskee ,0
40109,Oklahoma ,77
40111,Okmulgee ,0
40113,Osage ,9
40115,Ottawa ,2
40117,Pawnee ,3
40119,Payne ,2
40121,Pittsburg ,3
40123,Pontotoc ,2
40125,Pottawatomie ,5
40127,Pushmataha ,0
40129,Roger Mills ,0
40131,Rogers ,10
40133,Seminole ,4
40135,Sequoyah ,3
40137,Stephens ,1
40139,Texas ,7
40141,Tillman ,1
40143,Tulsa ,84
40145,Wagoner ,19
40147,Washington ,39
40149,Washita ,0
40151,Woods ,0
40153,Woodward ,0
41001,Baker ,0
41003,Benton ,6
41005,Clackamas ,30
41007,Clatsop ,0
41009,Columbia ,0
41011,Coos ,0
41013,Crook ,1
41015,Curry ,0
41017,Deschutes ,1
41019,Douglas ,1
41021,Gilliam ,0
41023,Grant ,0
41025,Harney ,0
41027,Hood River ,0
41029,Jackson ,0
41031,Jefferson ,0
41033,Josephine ,1
41035,Klamath ,1
41037,Lake ,0
41039,Lane ,3
41041,Lincoln ,8
41043,Linn ,10
41045,Malheur ,5
41047,Marion ,60
41049,Morrow ,1
41051,Multnomah ,75
41053,Polk ,12
41055,Sherman ,0
41057,Tillamook ,0
41059,Umatilla ,9
41061,Union ,2
41063,Wallowa ,1
41065,Wasco ,3
41067,Washington ,21
41069,Wheeler ,0
41071,Yamhill ,9
42001,Adams ,15
42003,Allegheny ,205
42005,Armstrong ,6
42007,Beaver ,81
42009,Bedford ,4
42011,Berks ,360
42013,Blair ,1
42015,Bradford ,3
42017,Bucks ,573
42019,Butler ,13
42021,Cambria ,3
42023,Cameron ,0
42025,Carbon ,28
42027,Centre ,9
42029,Chester ,334
42031,Clarion ,2
42033,Clearfield ,0
42035,Clinton ,5
42037,Columbia ,35
42039,Crawford ,1
42041,Cumberland ,68
42043,Dauphin ,150
42045,Delaware ,674
42047,Elk ,2
42049,Erie ,13
42051,Fayette ,4
42053,Forest ,0
42055,Franklin ,46
42057,Fulton ,1
42059,Greene ,0
42061,Huntingdon ,4
42063,Indiana ,6
42065,Jefferson ,1
42067,Juniata ,6
42069,Lackawanna ,212
42071,Lancaster ,392
42073,Lawrence ,9
42075,Lebanon ,51
42077,Lehigh ,332
42079,Luzerne ,181
42081,Lycoming ,20
42083,McKean ,1
42085,Mercer ,8
42087,Mifflin ,1
42089,Monroe ,117
42091,Montgomery ,837
42093,Montour ,2
42095,Northampton ,285
42097,Northumberland ,11
42099,Perry ,5
42101,Philadelphia ,1658
42103,Pike ,21
42105,Potter ,0
42107,Schuylkill ,48
42109,Snyder ,2
42111,Somerset ,1
42113,Sullivan ,0
42115,Susquehanna ,26
42117,Tioga ,2
42119,Union ,2
42121,Venango ,0
42123,Warren ,1
42125,Washington ,10
42127,Wayne ,8
42129,Westmoreland ,40
42131,Wyoming ,7
42133,York ,72
44001,Bristol ,15
44003,Kent ,101
44005,Newport ,4
44007,Providence ,796
44009,Washington ,63
45001,Abbeville ,1
45003,Aiken ,14
45005,Allendale ,3
45007,Anderson ,26
45009,Bamberg ,3
45011,Barnwell ,1
45013,Beaufort ,25
45015,Berkeley ,36
45017,Calhoun ,1
45019,Charleston ,83
45021,Cherokee ,10
45023,Chester ,6
45025,Chesterfield ,17
45027,Clarendon ,47
45029,Colleton ,28
45031,Darlington ,20
45033,Dillon ,18
45035,Dorchester ,13
45037,Edgefield ,4
45039,Fairfield ,23
45041,Florence ,64
45043,Georgetown ,11
45045,Greenville ,131
45047,Greenwood ,10
45049,Hampton ,3
45051,Horry ,84
45053,Jasper ,3
45055,Kershaw ,19
45057,Lancaster ,15
45059,Laurens ,15
45061,Lee ,24
45063,Lexington ,70
45065,McCormick ,2
45067,Marion ,11
45069,Marlboro ,4
45071,Newberry ,5
45073,Oconee ,2
45075,Orangeburg ,34
45077,Pickens ,14
45079,Richland ,108
45081,Saluda ,3
45083,Spartanburg ,62
45085,Sumter ,33
45087,Union ,0
45089,Williamsburg ,18
45091,York ,14
46003,Aurora ,0
46005,Beadle ,9
46007,Bennett ,0
46009,Bon Homme ,0
46011,Brookings ,0
46013,Brown ,2
46015,Brule ,0
46017,Buffalo ,3
46019,Butte ,1
46021,Campbell ,0
46023,Charles Mix ,0
46025,Clark ,0
46027,Clay ,0
46029,Codington ,0
46031,Corson ,0
46033,Custer ,0
46035,Davison ,0
46037,Day ,0
46039,Deuel ,0
46041,Dewey ,0
46043,Douglas ,0
46045,Edmunds ,0
46047,Fall River ,0
46049,Faulk ,1
46051,Grant ,0
46053,Gregory ,0
46055,Haakon ,0
46057,Hamlin ,0
46059,Hand ,0
46061,Hanson ,0
46063,Harding ,0
46065,Hughes ,2
46067,Hutchinson ,0
46069,Hyde ,0
46071,Jackson ,1
46073,Jerauld ,1
46075,Jones ,0
46077,Kingsbury ,0
46079,Lake ,1
46081,Lawrence ,0
46083,Lincoln ,1
46085,Lyman ,1
46087,McCook ,1
46089,McPherson ,0
46091,Marshall ,0
46093,Meade ,1
46095,Mellette ,0
46097,Miner ,0
46099,Minnehaha ,62
46101,Moody ,0
46102,Oglala Lakota ,1
46103,Pennington ,23
46105,Perkins ,0
46107,Potter ,0
46109,Roberts ,0
46111,Sanborn ,0
46115,Spink ,0
46117,Stanley ,0
46119,Sully ,0
46121,Todd ,3
46123,Tripp ,0
46125,Turner ,0
46127,Union ,2
46129,Walworth ,0
46135,Yankton ,2
46137,Ziebach ,0
47001,Anderson ,2
47003,Bedford ,10
47005,Benton ,1
47007,Bledsoe ,1
47009,Blount ,6
47011,Bradley ,7
47013,Campbell ,1
47015,Cannon ,0
47017,Carroll ,2
47019,Carter ,2
47021,Cheatham ,4
47023,Chester ,0
47025,Claiborne ,0
47027,Clay ,0
47029,Cocke ,1
47031,Coffee ,0
47033,Crockett ,3
47035,Cumberland ,6
47037,Davidson ,166
47039,Decatur ,0
47041,DeKalb ,1
47043,Dickson ,0
47045,Dyer ,3
47047,Fayette ,7
47049,Fentress ,0
47051,Franklin ,3
47053,Gibson ,1
47055,Giles ,2
47057,Grainger ,0
47059,Greene ,3
47061,Grundy ,2
47063,Hamblen ,6
47065,Hamilton ,40
47067,Hancock ,0
47069,Hardeman ,7
47071,Hardin ,7
47073,Hawkins ,2
47075,Haywood ,4
47077,Henderson ,0
47079,Henry ,0
47081,Hickman ,0
47083,Houston ,0
47085,Humphreys ,2
47087,Jackson ,0
47089,Jefferson ,1
47091,Johnson ,0
47093,Knox ,18
47095,Lake ,0
47097,Lauderdale ,5
47099,Lawrence ,6
47101,Lewis ,0
47103,Lincoln ,0
47105,Loudon ,3
47107,McMinn ,19
47109,McNairy ,1
47111,Macon ,8
47113,Madison ,2
47115,Marion ,4
47117,Marshall ,2
47119,Maury ,4
47121,Meigs ,0
47123,Monroe ,7
47125,Montgomery ,8
47127,Moore ,0
47129,Morgan ,1
47131,Obion ,3
47133,Overton ,1
47135,Perry ,0
47137,Pickett ,1
47139,Polk ,0
47141,Putnam ,7
47143,Rhea ,0
47145,Roane ,0
47147,Robertson ,14
47149,Rutherford ,41
47151,Scott ,0
47153,Sequatchie ,0
47155,Sevier ,4
47157,Shelby ,245
47159,Smith ,2
47161,Stewart ,0
47163,Sullivan ,6
47165,Sumner ,60
47167,Tipton ,8
47169,Trousdale ,6
47171,Unicoi ,0
47173,Union ,0
47175,Van Buren ,0
47177,Warren ,3
47179,Washington ,0
47181,Wayne ,0
47183,Weakley ,1
47185,White ,3
47187,Williamson ,18
47189,Wilson ,19
48001,Anderson ,4
48003,Andrews ,2
48005,Angelina ,12
48007,Aransas ,0
48009,Archer ,0
48011,Armstrong ,0
48013,Atascosa ,2
48015,Austin ,0
48017,Bailey ,1
48019,Bandera ,0
48021,Bastrop ,12
48023,Baylor ,0
48025,Bee ,1
48027,Bell ,17
48029,Bexar ,240
48031,Blanco ,1
48033,Borden ,0
48035,Bosque ,0
48037,Bowie ,17
48039,Brazoria ,32
48041,Brazos ,39
48043,Brewster ,1
48045,Briscoe ,1
48047,Brooks ,0
48049,Brown ,13
48051,Burleson ,0
48053,Burnet ,6
48055,Caldwell ,7
48057,Calhoun ,3
48059,Callahan ,2
48061,Cameron ,96
48063,Camp ,2
48065,Carson ,0
48067,Cass ,3
48069,Castro ,1
48071,Chambers ,5
48073,Cherokee ,2
48075,Childress ,0
48077,Clay ,0
48079,Cochran ,0
48081,Coke ,1
48083,Coleman ,0
48085,Collin ,64
48087,Collingsworth ,0
48089,Colorado ,0
48091,Comal ,37
48093,Comanche ,1
48095,Concho ,0
48097,Cooke ,0
48099,Coryell ,3
48101,Cottle ,1
48103,Crane ,10
48105,Crockett ,1
48107,Crosby ,2
48109,Culberson ,1
48111,Dallam ,1
48113,Dallas ,523
48115,Dawson ,1
48117,Deaf Smith ,17
48119,Delta ,0
48121,Denton ,42
48123,DeWitt ,7
48125,Dickens ,0
48127,Dimmit ,0
48129,Donley ,0
48131,Duval ,0
48133,Eastland ,0
48135,Ector ,27
48137,Edwards ,0
48139,Ellis ,21
48141,El Paso ,179
48143,Erath ,1
48145,Falls ,0
48147,Fannin ,8
48149,Fayette ,4
48151,Fisher ,1
48153,Floyd ,3
48155,Foard ,0
48157,Fort Bend ,71
48159,Franklin ,1
48161,Freestone ,0
48163,Frio ,1
48165,Gaines ,0
48167,Galveston ,65
48169,Garza ,1
48171,Gillespie ,0
48173,Glasscock ,0
48175,Goliad ,0
48177,Gonzales ,4
48179,Gray ,4
48181,Grayson ,8
48183,Gregg ,15
48185,Grimes ,2
48187,Guadalupe ,4
48189,Hale ,19
48191,Hall ,1
48193,Hamilton ,1
48195,Hansford ,2
48197,Hardeman ,0
48199,Hardin ,5
48201,Harris ,532
48203,Harrison ,33
48205,Hartley ,2
48207,Haskell ,0
48209,Hays ,17
48211,Hemphill ,0
48213,Henderson ,5
48215,Hidalgo ,267
48217,Hill ,2
48219,Hockley ,3
48221,Hood ,5
48223,Hopkins ,0
48225,Houston ,0
48227,Howard ,2
48229,Hudspeth ,0
48231,Hunt ,8
48233,Hutchinson ,1
48235,Irion ,0
48237,Jack ,0
48239,Jackson ,1
48241,Jasper ,1
48243,Jeff Davis ,0
48245,Jefferson ,47
48247,Jim Hogg ,0
48249,Jim Wells ,0
48251,Johnson ,7
48253,Jones ,0
48255,Karnes ,0
48257,Kaufman ,5
48259,Kendall ,0
48261,Kenedy ,0
48263,Kent ,0
48265,Kerr ,1
48267,Kimble ,0
48269,King ,0
48271,Kinney ,0
48273,Kleberg ,2
48275,Knox ,0
48277,Lamar ,15
48279,Lamb ,1
48281,Lampasas ,0
48283,La Salle ,0
48285,Lavaca ,1
48287,Lee ,3
48289,Leon ,0
48291,Liberty ,3
48293,Limestone ,1
48295,Lipscomb ,0
48297,Live Oak ,1
48299,Llano ,0
48301,Loving ,0
48303,Lubbock ,65
48305,Lynn ,3
48307,McCulloch ,0
48309,McLennan ,24
48311,McMullen ,0
48313,Madison ,0
48315,Marion ,2
48317,Martin ,1
48319,Mason ,0
48321,Matagorda ,5
48323,Maverick ,16
48325,Medina ,4
48327,Menard ,0
48329,Midland ,25
48331,Milam ,2
48333,Mills ,0
48335,Mitchell ,0
48337,Montague ,1
48339,Montgomery ,46
48341,Moore ,15
48343,Morris ,0
48345,Motley ,0
48347,Nacogdoches ,35
48349,Navarro ,9
48351,Newton ,0
48353,Nolan ,1
48355,Nueces ,90
48357,Ochiltree ,2
48359,Oldham ,1
48361,Orange ,7
48363,Palo Pinto ,2
48365,Panola ,24
48367,Parker ,1
48369,Parmer ,8
48371,Pecos ,1
48373,Polk ,1
48375,Potter ,39
48377,Presidio ,0
48379,Rains ,1
48381,Randall ,7
48383,Reagan ,1
48385,Real ,0
48387,Red River ,12
48389,Reeves ,2
48391,Refugio ,0
48393,Roberts ,0
48395,Robertson ,0
48397,Rockwall ,16
48399,Runnels ,0
48401,Rusk ,3
48403,Sabine ,1
48405,San Augustine ,12
48407,San Jacinto ,2
48409,San Patricio ,0
48411,San Saba ,0
48413,Schleicher ,1
48415,Scurry ,1
48417,Shackelford ,0
48419,Shelby ,14
48421,Sherman ,0
48423,Smith ,10
48425,Somervell ,0
48427,Starr ,15
48429,Stephens ,0
48431,Sterling ,0
48433,Stonewall ,0
48435,Sutton ,0
48437,Swisher ,1
48439,Tarrant ,293
48441,Taylor ,11
48443,Terrell ,0
48445,Terry ,0
48447,Throckmorton ,0
48449,Titus ,6
48451,Tom Green ,11
48453,Travis ,203
48455,Trinity ,0
48457,Tyler ,0
48459,Upshur ,0
48461,Upton ,0
48463,Uvalde ,4
48465,Val Verde ,8
48467,Van Zandt ,3
48469,Victoria ,18
48471,Walker ,28
48473,Waller ,0
48475,Ward ,1
48477,Washington ,34
48479,Webb ,62
48481,Wharton ,1
48483,Wheeler ,0
48485,Wichita ,8
48487,Wilbarger ,0
48489,Willacy ,3
48491,Williamson ,70
48493,Wilson ,5
48495,Winkler ,0
48497,Wise ,5
48499,Wood ,5
48501,Yoakum ,0
48503,Young ,1
48505,Zapata ,1
48507,Zavala ,0
49001,Beaver ,0
49003,Box Elder ,1
49005,Cache ,3
49007,Carbon ,0
49009,Daggett ,0
49011,Davis ,7
49013,Duchesne ,0
49015,Emery ,0
49017,Garfield ,1
49019,Grand ,0
49021,Iron ,2
49023,Juab ,0
49025,Kane ,0
49027,Millard ,0
49029,Morgan ,0
49031,Piute ,0
49033,Rich ,0
49035,Salt Lake ,136
49037,San Juan ,19
49039,Sanpete ,0
49041,Sevier ,0
49043,Summit ,1
49045,Tooele ,0
49047,Uintah ,0
49049,Utah ,30
49051,Wasatch ,4
49053,Washington ,9
49055,Wayne ,0
49057,Weber ,19
50001,Addison ,2
50003,Bennington ,1
50005,Caledonia ,0
50007,Chittenden ,39
50009,Essex ,0
50011,Franklin ,6
50013,Grand Isle ,0
50015,Lamoille ,1
50017,Orange ,0
50019,Orleans ,0
50021,Rutland ,1
50023,Washington ,1
50025,Windham ,3
50027,Windsor ,2
51001,Accomack ,15
51003,Albemarle ,10
51005,Alleghany ,2
51007,Amelia ,1
51009,Amherst ,0
51011,Appomattox ,0
51013,Arlington ,135
51015,Augusta ,2
51017,Bath ,0
51019,Bedford ,4
51021,Bland ,0
51023,Botetourt ,4
51025,Brunswick ,1
51027,Buchanan ,0
51029,Buckingham ,6
51031,Campbell ,1
51033,Caroline ,4
51035,Carroll ,10
51036,Charles City ,3
51037,Charlotte ,0
51041,Chesterfield ,65
51043,Clarke ,0
51045,Craig ,0
51047,Culpeper ,12
51049,Cumberland ,0
51051,Dickenson ,0
51053,Dinwiddie ,2
51057,Essex ,0
51059,Fairfax ,508
51061,Fauquier ,8
51063,Floyd ,1
51065,Fluvanna ,8
51067,Franklin ,1
51069,Frederick ,7
51071,Giles ,0
51073,Gloucester ,1
51075,Goochland ,6
51077,Grayson ,4
51079,Greene ,2
51081,Greensville ,9
51083,Halifax ,1
51085,Hanover ,30
51087,Henrico ,175
51089,Henry ,5
51091,Highland ,0
51093,Isle of Wight ,9
51095,James City ,16
51097,King and Queen ,1
51099,King George ,4
51101,King William ,2
51103,Lancaster ,0
51105,Lee ,0
51107,Loudoun ,103
51109,Louisa ,2
51111,Lunenburg ,0
51113,Madison ,1
51115,Mathews ,0
51117,Mecklenburg ,30
51119,Middlesex ,0
51121,Montgomery ,3
51125,Nelson ,0
51127,New Kent ,1
51131,Northampton ,28
51133,Northumberland ,1
51135,Nottoway ,6
51137,Orange ,3
51139,Page ,23
51141,Patrick ,1
51143,Pittsylvania ,2
51145,Powhatan ,3
51147,Prince Edward ,6
51149,Prince George ,2
51153,Prince William ,162
51155,Pulaski ,2
51157,Rappahannock ,1
51159,Richmond ,4
51161,Roanoke ,6
51163,Rockbridge ,0
51165,Rockingham ,16
51167,Russell ,0
51169,Scott ,2
51171,Shenandoah ,38
51173,Smyth ,1
51175,Southampton ,11
51177,Spotsylvania ,32
51179,Stafford ,6
51181,Surry ,1
51183,Sussex ,7
51185,Tazewell ,0
51187,Warren ,8
51191,Washington ,4
51193,Westmoreland ,2
51195,Wise ,3
51197,Wythe ,1
51199,York ,3
51510,Alexandria city,56
51520,Bristol city,0
51530,Buena Vista city,0
51540,Charlottesville city,7
51550,Chesapeake city,24
51570,Colonial Heights city,20
51580,Covington city,0
51590,Danville city,2
51595,Emporia city,15
51600,Fairfax city,7
51610,Falls Church city,7
51620,Franklin city,4
51630,Fredericksburg city,0
51640,Galax city,16
51650,Hampton city,4
51660,Harrisonburg city,29
51670,Hopewell city,5
51678,Lexington city,0
51680,Lynchburg city,1
51683,Manassas city,20
51685,Manassas Park city,7
51690,Martinsville city,1
51700,Newport News City,13
51710,Norfolk city,19
51720,Norton city,0
51730,Petersburg city,9
51735,Poquoson city,0
51740,Portsmouth city,20
51750,Radford city,0
51760,Richmond city,36
51770,Roanoke city,10
51775,Salem city,3
51790,Staunton city,0
51800,Suffolk city,44
51810,Virginia Beach city,37
51820,Waynesboro city,1
51830,Williamsburg City,6
51840,Winchester city,4
53001,Adams ,0
53003,Asotin ,2
53005,Benton ,99
53007,Chelan ,6
53009,Clallam ,0
53011,Clark ,30
53013,Columbia ,0
53015,Cowlitz ,2
53017,Douglas ,4
53019,Ferry ,0
53021,Franklin ,42
53023,Garfield ,0
53025,Grant ,8
53027,Grays Harbor ,1
53029,Island ,11
53031,Jefferson ,0
53033,King ,635
53035,Kitsap ,2
53037,Kittitas ,0
53039,Klickitat ,3
53041,Lewis ,3
53043,Lincoln ,0
53045,Mason ,1
53047,Okanogan ,2
53049,Pacific ,1
53051,Pend Oreille ,0
53053,Pierce ,113
53055,San Juan ,0
53057,Skagit ,16
53059,Skamania ,0
53061,Snohomish ,181
53063,Spokane ,44
53065,Stevens ,1
53067,Thurston ,5
53069,Wahkiakum ,0
53071,Walla Walla ,3
53073,Whatcom ,37
53075,Whitman ,0
53077,Yakima ,195
54001,Barbour ,1
54003,Berkeley ,10
54005,Boone ,0
54007,Braxton ,0
54009,Brooke ,0
54011,Cabell ,1
54013,Calhoun ,0
54015,Clay ,1
54017,Doddridge ,0
54019,Fayette ,4
54021,Gilmer ,0
54023,Grant ,0
54025,Greenbrier ,3
54027,Hampshire ,1
54029,Hancock ,0
54031,Hardy ,0
54033,Harrison ,1
54035,Jackson ,19
54037,Jefferson ,4
54039,Kanawha ,20
54041,Lewis ,2
54043,Lincoln ,0
54045,Logan ,1
54047,McDowell ,0
54049,Marion ,2
54051,Marshall ,0
54053,Mason ,0
54055,Mercer ,0
54057,Mineral ,3
54059,Mingo ,2
54061,Monongalia ,5
54063,Monroe ,0
54065,Morgan ,0
54067,Nicholas ,1
54069,Ohio ,3
54071,Pendleton ,1
54073,Pleasants ,0
54075,Pocahontas ,0
54077,Preston ,2
54079,Putnam ,0
54081,Raleigh ,0
54083,Randolph ,0
54085,Ritchie ,0
54087,Roane ,1
54089,Summers ,0
54091,Taylor ,0
54093,Tucker ,0
54095,Tyler ,0
54097,Upshur ,0
54099,Wayne ,9
54101,Webster ,0
54103,Wetzel ,0
54105,Wirt ,0
54107,Wood ,3
54109,Wyoming ,0
55001,Adams ,2
55003,Ashland ,0
55005,Barron ,1
55007,Bayfield ,1
55009,Brown ,46
55011,Buffalo ,2
55013,Burnett ,1
55015,Calumet ,2
55017,Chippewa ,0
55019,Clark ,7
55021,Columbia ,1
55023,Crawford ,0
55025,Dane ,33
55027,Dodge ,5
55029,Door ,3
55031,Douglas ,0
55033,Dunn ,0
55035,Eau Claire ,2
55037,Florence ,0
55039,Fond du Lac ,6
55041,Forest ,3
55043,Grant ,14
55045,Green ,1
55047,Green Lake ,0
55049,Iowa ,0
55051,Iron ,1
55053,Jackson ,1
55055,Jefferson ,4
55057,Juneau ,1
55059,Kenosha ,47
55061,Kewaunee ,1
55063,La Crosse ,1
55065,Lafayette ,0
55067,Langlade ,1
55069,Lincoln ,0
55071,Manitowoc ,1
55073,Marathon ,2
55075,Marinette ,3
55077,Marquette ,1
55078,Menominee ,0
55079,Milwaukee ,411
55081,Monroe ,1
55083,Oconto ,0
55085,Oneida ,0
55087,Outagamie ,10
55089,Ozaukee ,16
55091,Pepin ,0
55093,Pierce ,0
55095,Polk ,2
55097,Portage ,0
55099,Price ,0
55101,Racine ,66
55103,Richland ,4
55105,Rock ,24
55107,Rusk ,1
55109,St. Croix ,2
55111,Sauk ,3
55113,Sawyer ,0
55115,Shawano ,0
55117,Sheboygan ,4
55119,Taylor ,0
55121,Trempealeau ,1
55123,Vernon ,0
55125,Vilas ,0
55127,Walworth ,18
55129,Washburn ,0
55131,Washington ,19
55133,Waukesha ,40
55135,Waupaca ,13
55137,Waushara ,0
55139,Winnebago ,14
55141,Wood ,1
56001,Albany ,0
56003,Big Horn ,0
56005,Campbell ,0
56007,Carbon ,1
56009,Converse ,0
56011,Crook ,0
56013,Fremont ,10
56015,Goshen ,0
56017,Hot Springs ,0
56019,Johnson ,1
56021,Laramie ,3
56023,Lincoln ,0
56025,Natrona ,1
56027,Niobrara ,0
56029,Park ,0
56031,Platte ,0
56033,Sheridan ,0
56035,Sublette ,0
56037,Sweetwater ,2
56039,Teton ,1
56041,Uinta ,0
56043,Washakie ,5
56045,Weston ,0
