love,298
day,43
girl,43
sun,41
man,35
world,32
time,29
people,24
eyes,24
sky,25
life,26
submarine,23
friends,21
night,20
head,18
mind,17
help,16
sunshine,16
one,15
darling,15
diamonds,15
words,14
money,14
children,13
gon,12
things,12
Love,12
home,12
days,12
birthday,11
place,10
years,10
garden,10
today,10
loving,10
week,10
heart,9
lullaby,9
face,9
door,9
boy,9
helloa,9
yesterday,8
answer,8
fool,8
weight,8
sea,8
joob,8
baby,8
kind,8
taxman,8
wisdom,7
rain,7
g,7
room,7
road,7
octopus,7
hammer,7
ears,6
song,6
hair,6
somethin,6
feet,6
hill,6
guitar,6
girls,6
party,6
goodbye,6
friend,6
harm,6
phone,6
times,5
light,5
paper,5
waves,5
wind,5
moment,5
middle,5
dreams,5
dream,5
band,5
knee,5
thing,5
bed,5
skies,5
rock,5
peace,5
bulldog,5
USSR,5
round,5
o,5
Yesterday,4
Whisper,4
chance,4
music,4
universe,4
places,4
lovers,4
affection,4
tree,4
Desmond,4
couple,4
wine,4
point,4
view,4
ground,4
eggman,4
eggmen,4
walrus,4
dog,4
juba,4
Sleep,4
Birthday,4
spinning,4
hands,4
lot,4
shade,4
bompa,4
plans,4
game,3
pain,3
dead,3
doo,3
tonight,3
end,3
singer,3
ring,3
evening,3
lights,3
summer,3
lover,3
pictures,3
land,3
speed,3
name,3
news,3
holes,3
tres,3
barber,3
banker,3
back,3
cha,3
boat,3
roll,3
kiss,3
morning,3
Twist,3
mine,3
earth,3
diamond,3
tomorrow,2
cup,2
joy,2
skin,2
moments,2
memories,2
meaning,2
wings,2
fly,2
blackbird,2
slumbers,2
pillow,2
invitations,2
celebrations,2
Fields,2
bra,2
kids,2
yard,2
market,2
greetings,2
quarter,2
word,2
fuse,2
sweater,2
fireside,2
ride,2
weeds,2
cottage,2
postcard,2
line,2
form,2
feelin,2
self,2
doors,2
ways,2
smile,2
style,2
roller,2
joker,2
finger,2
birds,2
roses,2
meadows,2
dawn,2
dew,2
brother,2
town,2
green,2
cable,2
air,2
sight,2
pigs,2
gun,2
eye,2
car,2
crowd,2
book,2
Tres,2
pleasure,2
corner,2
fireman,2
fire,2
pies,2
woman,2
Smiles,2
kaleidoscope,2
flowers,2
clouds,2
school,2
house,2
chair,2
shop,2
bath,2
stars,2
wood,2
honey,2
church,2
boom,2
tight,2
Tomorrow,2
lips,2
log,2
walk,2
show,2
dindi,2
dreamer,2
winding,2
Girl,2
ship,2
rope,2
lorry,2
joke,2
brain,2
weeks,2
park,2
bag,2
west,2
grin,2
feeling,2
majesty,2
wall,2
brand,2
bit,2
command,2
rival,2
Life,2
fussing,2
fighting,2
crime,2
troubles,1
shadow,1
trouble,1
hour,1
darkness,1
front,1
sound,1
Words,1
Pools,1
sorrow,1
Dance,1
Thoughts,1
letter,1
box,1
laughter,1
shades,1
Limitless,1
undying,1
suns,1
minute,1
shoulders,1
nah,1
movement,1
shoulder,1
winter,1
smiles,1
faces,1
ice,1
memries,1
barrow,1
marketplace,1
trolley,1
jeweler,1
store,1
fun,1
valentine,1
bottle,1
mornings,1
Grandchildren,1
stating,1
past,1
independence,1
haze,1
top,1
shoeshine,1
football,1
monkey,1
production,1
sideboard,1
cracker,1
armchair,1
disease,1
coaster,1
warning,1
water,1
filter,1
bells,1
revolution,1
evolution,1
destruction,1
solution,1
plan,1
contribution,1
minds,1
constitution,1
institution,1
chairman,1
submarines,1
aye,1
Captain,1
captain,1
ease,1
lifetime,1
tune,1
key,1
cornflake,1
van,1
T,1
shirt,1
Man,1
policeman,1
policemen,1
row,1
matter,1
custard,1
fishwife,1
priestess,1
knickers,1
tan,1
sir,1
fortune,1
smokers,1
sty,1
tower,1
penguin,1
villain,1
father,1
floor,1
mistake,1
grade,1
photograph,1
film,1
war,1
comb,1
coat,1
hat,1
bus,1
seconds,1
smoke,1
ensemble+,1
photographs,1
motorcar,1
mac,1
hourglass,1
pocket,1
portrait,1
engine,1
clean,1
machine,1
fish,1
shelter,1
roundabout,1
nurse,1
poppies,1
tray,1
play,1
customer,1
trim,1
loner,1
grass,1
Dot,1
river,1
tangerine,1
trees,1
marmalade,1
yellow,1
bridge,1
fountain,1
horse,1
Newspaper,1
taxis,1
shore,1
train,1
station,1
porters,1
glass,1
ties,1
turnstile,1
kid,1
neighborhood,1
tacks,1
teachers,1
Puts,1
gum,1
magazine,1
stand,1
dime,1
jukebox,1
teacher,1
rolling,1
hula,1
hoop,1
mama,1
canary,1
neighbors,1
cat,1
cocker,1
mother,1
laundromat,1
ours,1
Goodbye,1
rug,1
bird,1
Baby,1
hurting,1
rice,1
wedding,1
Lives,1
Waits,1
window,1
jar,1
sermon,1
socks,1
dirt,1
grave,1
compare,1
Chuck&Dave,1
evermore,1
Pepper,1
act,1
thrill,1
audience,1
year,1
wave,1
Tonight,1
like,1
lup,1
bup,1
di,1
heaven,1
hell,1
countries,1
religion,1
possessions,1
need,1
greed,1
hunger,1
brotherhood,1
pool,1
tears,1
story,1
leisure,1
storm,1
hideaway,1
cave,1
coral,1
Lies,1
ocean,1
B,1
C,1
D,1
tea,1
E,1
F,1
G,1
H,1
I,1
J,1
red,1
orange,1
pony,1
hog,1
moon,1
stoney,1
woo,1
blow,1
start,1
pride,1
wink,1
blink,1
drink,1
cigarette,1
get,1
happiness,1
miles,1
Jackknife,1
sweaty,1
innocence,1
fears,1
dark,1
solitude,1
clue,1
flight,1
case,1
Honey,1
boys,1
snow,1
Mountain,1
daddy,1
farm,1
comrade,1
cloud,1
voices,1
sounds,1
feelings,1
fools,1
Money,1
negotiations,1
number,1
situation,1
investigation,1
college,1
future,1
rent,1
sack,1
bags,1
limousine,1
gas,1
wipe,1
laughing,1
defelice,1
corazon,1
carousel,1
Sleeps,1
hole,1
clothes,1
bob,1
nose,1
sister,1
go,1
getter,1
queen,1
drag,1
dose,1
jackboots,1
killer,1
diller,1
hilt,1
silver,1
spoon,1
thumb,1
wonders,1
banks,1
lagoon,1
dancer,1
clubs,1
police,1
department,1
job,1
End,1
bellyful,1
pay,1
postcards,1
letters,1
matches,1
latches,1
raincoats,1
part,1
child,1
chain,1
guy,1
saloon,1
legs,1
fancy,1
hoe,1
showdown,1
doctor,1
stinking,1
gin,1
table,1
match,1
scratch,1
revival,1
risk,1
Science,1
nights,1
test,1
tube,1
medicine,1
oan,1
knock,1
Teacher,1
class,1
gallery,1
judge,1
o.,1
noise,1
Silver,1
foot,1
state,1
clowns,1
cent,1
street,1
seat,1
heat,1
advice,1
pennies,1
