Jude, 21
nah nah nah, 16
Lucy, 16
Strawberry Fields, 10
Jai Guru Deva, 7
Desmond, 7
Rocky, 7
Hela, 6
babe, 6
Blackbird, 5
Sun, 5
Penny Lane, 5
Michelle, 4
Goo goo g, 3
Jojo, 3
mm, 3
Mother Mary, 2
Molly Jones, 2
Vera, 2
Yellow, 2
Goo goo g joob, 2
Goo goo goo g joob, 2
Junior, 2
Eleanor Rigby, 2
McKenzie, 2
Polythene Pam, 2
Rocky Raccoon, 2
Doc, 2
Mm mm mm, 1
Shine, 1
Jai Guru, 1
Boy, 1
Ah Love, 1
Molly, 1
Chorus, 1
Chuck, 1
Dave, 1
joo joo, 1
toe jam football, 1
Ono, 1
Mao, 1
Boatswain, 1
Aye, 1
City, 1
Goo Goo Goo g, 1
Ho ho ho, 1
Semolina Pilchard, 1
Eiffel, 1
Hare Krishna, 1
Edgar Allen Poe, 1
Goo goo, 1
ma, 1
Jo Sweet Loretta Martin, 1
Loretta, 1
Aaaaahhhhhhhhhh, 1
Burns, 1
Valentine, 1
Pepper, 1
Billy Shears, 1
mm-mm-mm, 1
Imagine, 1
Love, 1
Walter Raleigh, 1
Sheepdog, 1
Hu, 1
hu, 1
Mustard, 1
Pam, 1
John, 1
Paul, 1
Majesty, 1
Prudence, 1
Magill, 1
Lil, 1
Nancy, 1
Dan, 1
Danny boy, 1
Daniel, 1
Joan, 1
Joa, 1
Maxwell, 1
Sce, 1
ene, 1
Max, 1
Rose, 1
Valerie, 1
