the, 897
"dont", 164
"im", 127
night, 122
got, 120
well, 110
come, 97
know, 94
oh, 89
la, 88
like, 87
"aint", 86
love
, 86
back, 85
baby, 84
one, 77
little, 72
want, 67
love, 65
let, 63
tonight, 61
"ill", 61
go, 54
"theres", 50
pay, 50
man, 49
girl, 49
li
, 48
heart, 45
get, 43
"youre", 42
say, 42
yeah, 42
"youve", 41
gonna, 41
"thats", 40
oh
, 40
mary, 39
money, 39
right, 38
take, 38
away, 37
me
, 37
well
, 36
way, 36
see, 36
never, 34
baby
, 34
better, 34
o, 34
feel, 33
world, 33
"cause", 33
"cant", 32
two, 31
fire, 31
last, 30
eyes, 30
light, 30
days, 30
us, 29
always, 29
tell, 29
"ive", 29
make, 29
good, 29
hard, 29
arms, 29
freehold, 29
wanna, 28
hey, 27
seen, 27
home, 26
look, 26
walk, 25
yeah
, 25
whoa, 25
around, 24
bring, 24
day, 24
"shell", 24
hold, 24
prove, 24
could, 23
find, 23
born, 23
ever, 23
said, 23
hearts, 23
"shes", 23
true, 22
town, 22
old, 22
girls, 22
blood, 22
woah, 22
street, 21
dark, 21
everything, 21
every, 21
put, 20
went, 20
something, 20
alright, 20
dreams, 20
walking, 20
sky, 20
time, 20
"darlin", 20
dream, 19
job, 19
need, 19
glory, 19
stand, 19
ball, 19
pretty, 19
end, 19
wrecking, 19
thing, 18
hear, 18
said
, 18
enough, 18
weep
, 18
mourn, 18
(all, 18
city, 17
hands, 17
nothing, 17
gotta, 17
alive, 17
behind, 17
army, 17
wait, 17
lie, 16
river, 16
"well", 16
place, 16
trapped
, 16
pink, 16
cadillac, 16
"pharaohs", 16
point, 16
janey, 16
touch, 16
turn, 15
much, 15
things, 15
hey
, 15
alone, 15
summer, 15
without, 15
made, 15
kiss, 15
times, 15
you
, 15
honey, 15
woman, 15
fall, 15
lose, 15
drowned, 15
weep, 15
cover, 15
blank, 15
done, 14
"wed", 14
"id", 14
run, 14
maybe, 14
hair, 14
hand, 14
name, 14
feet, 14
blinded, 14
stone, 14
big, 14
call, 14
life, 14
meet, 14
hometown, 14
would, 14
happy, 14
door, 13
young, 13
face, 13
now
, 13
girl
, 13
gone, 13
start, 13
stay, 13
hungry, 13
line, 13
really, 13
"youll", 13
leave, 13
think, 13
avenue, 13
give, 13
miles, 13
clothes, 13
human, 13
brave, 13
tenth, 13
free, 12
road, 12
ride, 12
rain, 12
streets, 12
land, 12
"round", 12
till, 12
first, 12
"waitin", 12
keep, 12
side, 12
took, 12
comes, 12
red, 12
still, 12
lift, 12
darling, 12
lost, 12
anybody, 12
rhythm, 12
down
, 12
ohh, 12
youngstown, 12
tenth
, 12
shining, 11
close, 11
radio, 11
real, 11
broken, 11
cool, 11
bed, 11
someday, 11
"everybodys", 11
live, 11
coming, 11
headed, 11
knows, 11
band, 11
play, 11
cold, 11
house, 11
atlantic, 11
"til", 11
dead, 11
believe, 11
secret, 11
stood, 11
pulled, 11
move, 11
late, 10
remember, 10
car, 10
waiting, 10
sit, 10
talk, 10
words, 10
boys, 10
"theyre", 10
morning, 10
even, 10
seems, 10
together, 10
soul, 10
lights, 10
felt, 10
sure, 10
smile, 10
ooo, 10
pass, 10
mine, 10
may, 10
sad, 10
rising, 10
black, 10
erie, 10
canal, 10
low, 10
bridge
, 10
night)
, 10
"lets", 9
[chorus], 9
makes, 9
fact, 9
"wont", 9
daddy, 9
rest, 9
air, 9
"neath", 9
chance, 9
wind, 9
"theyll", 9
trying, 9
apart, 9
friend, 9
wild, 9
kids, 9
going, 9
tear, 9
deep, 9
lover, 9
loose, 9
another, 9
"hes", 9
saw, 9
alright
, 9
whole, 9
"comin", 9
brother, 9
badlands, 9
looking, 9
room, 9
"didnt", 9
memphis, 9
arms
, 9
surrender, 9
sea, 8
mister, 8
across, 8
lonely, 8
dirty, 8
long, 8
feeling, 8
dancing, 8
caught, 8
game, 8
highway, 8
cut, 8
came, 8
mama, 8
bad, 8
ho
, 8
do
, 8
inside, 8
talking, 8
saturday, 8
sha, 8
dies, 8
fine, 8
u.s.a.
, 8
u.s.a., 8
gave, 8
blue, 8
"couldnt", 8
mind, 8
swore, 8
nowhere
, 8
"dancin", 8
driving, 8
turns, 8
shut, 8
"walkin", 8
grow, 8
(whoa, 8
night), 8
cynthia
, 8
rosie
, 8
conquer, 7
ask, 7
school, 7
blow, 7
promised, 7
sun, 7
learned, 7
lies, 7
evening, 7
getting, 7
sitting, 7
played, 7
strong, 7
feels, 7
babe, 7
left, 7
rock, 7
everybody, 7
sunny, 7
found, 7
asked, 7
up
, 7
fell, 7
straight, 7
bar, 7
running, 7
head, 7
boy, 7
says, 7
trouble, 7
"em", 7
jersey, 7
tight, 7
understand, 7
moment, 7
price, 7
"bout", 7
somebody, 7
promise, 7
bright, 7
number, 7
far, 7
best, 7
steps, 7
sherry, 7
matter, 7
retreat
, 7
freeze-out, 7
hate, 6
great, 6
book, 6
faith, 6
wide, 6
high, 6
porch, 6
pain, 6
thunder, 6
tight
, 6
ready, 6
front, 6
open, 6
tired, 6
living, 6
somewhere, 6
break, 6
try, 6
honey
, 6
new, 6
takes, 6
sweet, 6
half, 6
blues, 6
brings, 6
save, 6
bought, 6
wake, 6
days
, 6
along, 6
fast, 6
"lookin", 6
ten, 6
rich, 6
lay, 6
part, 6
marry, 6
tougher, 6
rough, 6
darkness, 6
sight, 6
million, 6
voices, 6
"nothin", 6
garden, 6
(a, 6
life), 6
floor, 6
wonder, 6
forget, 6
jail
, 6
no
, 6
lot, 6
step, 6
held, 6
fifteen, 6
rosalita
, 6
path, 5
tempt, 5
valley, 5
met, 5
dress, 5
work, 5
riding, 5
show, 5
"guns", 5
check, 5
drive, 5
nobody, 5
fight, 5
eye, 5
chase, 5
clouds, 5
clock, 5
ground, 5
dance, 5
outside, 5
"playin", 5
calling, 5
light
, 5
night
, 5
soon, 5
desire, 5
ho, 5
sometimes, 5
middle, 5
wink, 5
"girls", 5
gold, 5
wrong, 5
listen, 5
son, 5
fear, 5
ran, 5
heard, 5
gypsy, 5
dreamed, 5
guitars, 5
walked, 5
filled, 5
bet, 5
anything, 5
franky, 5
maria, 5
nights, 5
slip, 5
pick, 5
main, 5
beer, 5
"talkin", 5
brothers, 5
cry, 5
white, 5
hey!, 5
shot, 5
ear, 5
pal, 5
"evrybody", 5
none, 5
shot
, 5
come
, 5
"candys", 5
[verse, 4
longing, 4
people, 4
safe, 4
aw
, 4
gets, 4
"goin", 4
fate, 4
awake, 4
fields, 4
union, 4
working, 4
johnstown, 4
act, 4
care, 4
"shed", 4
plays, 4
darling
, 4
anymore, 4
understood, 4
roll, 4
window, 4
wheels, 4
tracks, 4
killer, 4
seat, 4
sent, 4
full, 4
win, 4
help, 4
hire, 4
crying, 4
key, 4
sleeping, 4
walls, 4
tramps, 4
legs, 4
velvet, 4
two
, 4
sadness, 4
hot, 4
soup, 4
campfire, 4
corner, 4
cars, 4
ghost, 4
tom, 4
wherever, 4
funny, 4
thought, 4
dog, 4
drummer, 4
beat, 4
hope, 4
"daddys", 4
hit, 4
least, 4
"standin", 4
romance, 4
told, 4
on
, 4
like
, 4
boy
, 4
higher, 4
train, 4
woo, 4
fool, 4
kept, 4
years, 4
fill, 4
skies, 4
shore, 4
wear, 4
ring, 4
dressed, 4
skin, 4
fix, 4
tried, 4
honest, 4
"mans", 4
shadow, 4
king, 4
wants, 4
joe, 4
romeo, 4
vow, 4
tomorrow, 4
kiss
, 4
right
, 4
sleep, 4
ahead, 4
"searchin", 4
"ooh...growin", 4
standing, 4
broke, 4
stars, 4
spirits, 4
"burnin", 4
one-legged, 4
round, 4
"takin", 4
catch, 4
sign, 4
worked, 4
burn, 4
"fools", 4
la
, 4
rain
, 4
angel, 4
hell, 4
near, 4
"mamas", 4
stuck, 4
"whos", 4
beale, 4
feel?, 4
water, 4
story, 4
war, 4
whoa), 4
darling), 4
latest, 4
tighter, 4
soft, 4
kisses, 4
"itll", 4
neighbour, 4
ya, 4
billy, 4
spirit, 4
hurt, 4
cynthia, 4
liar, 4
jenny
, 4
"sinkin", 4
city
, 4
phone, 4
dance
, 4
everywhere, 3
warm, 3
hill, 3
slam, 3
instead, 3
read, 3
follow, 3
quiet, 3
difference, 3
green, 3
wedding, 3
breath, 3
haunt, 3
again
, 3
thinking, 3
magic, 3
hide, 3
throw, 3
rise, 3
beneath, 3
else, 3
lying, 3
beach, 3
engines, 3
use, 3
keeps, 3
mirror, 3
nowhere, 3
set, 3
playing, 3
teach, 3
beyond, 3
h-oh
, 3
bones, 3
yes
, 3
wendy, 3
"cross", 3
park, 3
die, 3
one
, 3
four!, 3
"highways", 3
men, 3
job
, 3
goes, 3
searching, 3
joad, 3
pulls, 3
shall, 3
gun, 3
guy, 3
"somebodys", 3
fighting, 3
musta, 3
worry, 3
"waitin
", 3
"workin", 3
"tickin", 3
wall, 3
"turnin", 3
"lovers", 3
deuce
, 3
runner, 3
alone
, 3
"watchin", 3
sister, 3
"ridin", 3
ears, 3
sights, 3
mama
, 3
fun, 3
ooh, 3
mmm, 3
knife, 3
sat, 3
block, 3
friday, 3
stop, 3
split, 3
guess, 3
leaves, 3
"wouldnt", 3
miss, 3
"babys", 3
matters, 3
"lyin", 3
makeup, 3
chicken, 3
"gettin", 3
outta, 3
state, 3
trust, 3
bus, 3
luck, 3
died, 3
many, 3
lived, 3
gas, 3
damn, 3
badlands
, 3
"pushin", 3
treating, 3
facts, 3
poor, 3
raise, 3
glad, 3
jack, 3
knew, 3
must, 3
yes, 3
"darlin
", 3
watching, 3
rings, 3
brilliant, 3
disguise, 3
falls, 3
twice, 3
god, 3
mercy, 3
since, 3
bit, 3
tonight
, 3
"tryin", 3
thousand, 3
hid, 3
crowd
, 3
down
", 3
sing, 3
kid, 3
nice, 3
engine, 3
mile, 3
li, 3
holy, 3
children, 3
sorrow, 3
tears, 3
four, 3
dust, 3
nerves, 3
crushed, 3
seats, 3
waving, 3
spending, 3
man
, 3
folks, 3
"therell", 3
tenderness, 3
downtown, 3
"laughin", 3
"drinkin
", 3
"night, 3
flood", 3
family
, 3
county, 3
captain, 3
wish, 3
...pay, 3
"beatin", 3
passed, 3
shine, 3
beautiful, 3
philadelphia, 3
more
, 3
dogs, 3
howl, 3
blind, 3
explode, 3
past, 3
church, 3
bars, 3
looked, 3
quick, 3
drove, 3
three, 3
called, 3
used, 3
hell
, 3
diamond, 3
taste, 3
reach, 3
dream
, 3
"others", 3
trees, 3
lips, 3
rabbit, 3
checked, 3
missing, 3
shirt, 3
"livin", 3
touched, 3
delta, 3
pouring, 3
"theyve", 3
might, 3
woke, 3
"movin", 3
forest, 3
devil, 3
windows, 3
complain, 3
explain, 3
record, 3
moves, 3
promises, 3
ride
, 3
fallen, 3
grew, 3
juliet, 3
false, 3
bedroom, 3
french, 3
empty, 3
sal, 3
navigated, 3
crazy, 3
davy, 3
shoot, 3
mud, 3
pity, 3
share, 3
ah, 3
defend, 3
rat, 3
jungleland, 3
"streets", 3
it
, 3
jump, 3
senorita
, 3
lover
, 3
papa, 3
seem, 3
noose, 3
necks, 3
hidden, 3
candy, 3
1], 2
join, 2
opening, 2
gate, 2
2], 2
sell, 2
brag, 2
con, 2
crooks, 2
make?, 2
dive, 2
birthday, 2
smiles, 2
flowers, 2
company, 2
lately, 2
seemed, 2
vanished, 2
wet, 2
sends, 2
though, 2
dry, 2
scared, 2
but
, 2
crosses, 2
waste, 2
hood, 2
except, 2
"nights", 2
anywhere, 2
wings, 2
climb, 2
back
, 2
road
, 2
guitar, 2
dusty, 2
scream, 2
rolling, 2
pulling, 2
spark, 2
message, 2
change, 2
dump, 2
joke, 2
dying, 2
sick, 2
write, 2
falling, 2
trap, 2
chains, 2
american, 2
suicide, 2
chrome, 2
rips, 2
death, 2
`cause, 2
wrap, 2
wire, 2
three
, 2
heroes, 2
"long", 2
railroad, 2
welcome, 2
home
, 2
peace
, 2
"nobodys", 2
prayer, 2
preacher, 2
ticket, 2
hole, 2
pillow, 2
struggling, 2
eyes
, 2
cloud, 2
breeze, 2
party, 2
cream, 2
lifts, 2
"feelin", 2
finally, 2
tender, 2
east, 2
says
, 2
frozen, 2
zone, 2
beer
, 2
hard
, 2
jumped, 2
turned, 2
spit, 2
laugh, 2
cap, 2
"hed", 2
someone, 2
six, 2
inch, 2
in
, 2
drinks, 2
lives, 2
drink, 2
oo, 2
rocking, 2
beside, 2
mean, 2
kicked, 2
picked, 2
making, 2
noise, 2
"everythings", 2
charms, 2
gives, 2
eat, 2
bathroom, 2
blew, 2
debts, 2
winners, 2
"losin", 2
tires, 2
kick, 2
spend, 2
yellow, 2
refinery, 2
loved, 2
burning, 2
guts, 2
scenes, 2
heart
, 2
listening, 2
pray, 2
notion, 2
wife, 2
kingstown, 2
ribbon, 2
week, 2
true
, 2
life
, 2
shame, 2
thin, 2
prayers, 2
sacred, 2
skin
, 2
upon, 2
fingers, 2
edge, 2
underneath, 2
willow, 2
wee, 2
hours, 2
day
, 2
"pumpin", 2
thrown, 2
whisper, 2
"spinnin", 2
pounding, 2
drums, 2
misty, 2
mystery, 2
connection, 2
crutch, 2
clouded, 2
wrath, 2
wing, 2
pushed, 2
threw, 2
swear, 2
chain, 2
track, 2
gone
, 2
pound, 2
bells, 2
ringing, 2
cross, 2
faces, 2
fiery, 2
pictures, 2
catfish, 2
memory, 2
emptiness, 2
blessed, 2
trick, 2
pony, 2
free?, 2
less, 2
blood
, 2
hits, 2
friend
, 2
scarecrow, 2
one-armed, 2
foolish, 2
plenty, 2
cruising, 2
sir
, 2
flesh, 2
surely, 2
bigger, 2
"knockin", 2
mouth, 2
hides, 2
"drivin", 2
parts, 2
"thatll", 2
herheart, 2
hammer, 2
vise, 2
garden
, 2
"fard", 2
lead, 2
"strayin
", 2
michigan, 2
bad
, 2
bank, 2
buick, 2
ohio, 2
wheel, 2
roads, 2
five, 2
watched, 2
disappear, 2
say
, 2
clear, 2
watch, 2
"theyd", 2
"runnin", 2
silence, 2
"slippin", 2
search, 2
sound, 2
push, 2
afraid, 2
lovers, 2
veins
, 2
whispering, 2
desert, 2
garage, 2
chasing, 2
runs, 2
weak, 2
bags, 2
heading, 2
brokenhearted, 2
laid, 2
started, 2
wanted, 2
ass, 2
california
, 2
go
, 2
buddy, 2
raised, 2
friends, 2
town
, 2
happy
, 2
cage, 2
handed, 2
"oh
, 2
lizard, 2
hips, 2
alligator, 2
monkey, 2
buzzard, 2
eggs, 2
salamander, 2
thighs, 2
camel, 2
rears, 2
tasty, 2
toenail, 2
pies, 2
stir, 2
surprise", 2
"i\m, 2
lots, 2
top, 2
subway, 2
ghetto, 2
count, 2
deal, 2
"sittin", 2
begin, 2
suit, 2
rose, 2
dirt, 2
pretending, 2
lucky, 2
reason, 2
sorry, 2
heaven, 2
suede, 2
shoes, 2
boarded, 2
plane, 2
class, 2
jungle, 2
moses, 2
bout, 2
"oclock", 2
mad, 2
next, 2
furnace, 2
"wasnt", 2
ford, 2
given, 2
"singin", 2
"thinkin", 2
danced, 2
pines, 2
"fathers", 2
stands, 2
sins, 2
out
, 2
quit, 2
uptown, 2
time
, 2
slowly, 2
"makin", 2
tomorrow
, 2
"somethin", 2
jacket, 2
shadows, 2
doorway, 2
stranger, 2
become, 2
bang, 2
chair, 2
missing..., 2
ago, 2
voice, 2
hall, 2
midnight, 2
whoa-oh
, 2
desperate, 2
easy, 2
made
, 2
wind., 2
ahead
, 2
shy, 2
sweet
, 2
mule, 2
coal, 2
bufallo, 2
iron, 2
alley, 2
greasy, 2
hazy, 2
lake, 2
closed, 2
strangers, 2
"askins", 2
none
, 2
drops, 2
style, 2
strange, 2
ooh
, 2
grip, 2
"jumpin", 2
"actin", 2
stays, 2
samson, 2
delilah, 2
deny, 2
mmh
, 2
yards, 2
stormy, 2
closing, 2
james, 2
built, 2
blast, 2
balls, 2
furnaces, 2
machine, 2
barefoot, 2
flamingo, 2
local, 2
flash, 2
parking, 2
locked, 2
"whats", 2
want
, 2
bluff, 2
corner
, 2
swamps, 2
rushed, 2
"johnny, 2
steel, 2
mister
, 2
anger, 2
(bring, 2
ball), 2
shotgun, 2
scooter, 2
tough, 2
"outsides", 2
snow, 2
blowing, 2
bolt, 2
score, 2
rushes, 2
worlds, 2
childish, 2
seventeen, 1
pregnant, 1
wrote, 1
nineteenth, 1
card, 1
coat, 1
courthouse, 1
judge, 1
aisle, 1
construction, 1
account, 1
economy, 1
important, 1
acts, 1
"brothers", 1
body, 1
tan, 1
reservoir, 1
banks, 1
pull, 1
memories, 1
curse, 1
worse, 1
screen, 1
slams
, 1
"marys", 1
waves, 1
vision, 1
dances, 1
roy, 1
orbison, 1
singing, 1
inside
, 1
faith
, 1
beauty, 1
covers, 1
study, 1
lovers
, 1
roses, 1
praying, 1
vain, 1
savior, 1
hero
, 1
redemption, 1
offer
, 1
somehow, 1
busting, 1
open
, 1
lanes, 1
trade, 1
"heavens", 1
case, 1
late
, 1
hold
, 1
"cars", 1
"doors", 1
spoken, 1
free
, 1
"promisesll", 1
ghosts, 1
skeleton, 1
frames, 1
burned-out, 1
chevrolets, 1
graduation, 1
gown, 1
rags, 1
dawn, 1
porch
, 1
mary
, 1
losers
, 1
bored, 1
clearer, 1
"radios", 1
moving, 1
clothes
, 1
hair
, 1
happening, 1
older, 1
shake, 1
shoulders, 1
"laughs", 1
carving, 1
starving, 1
action, 1
reaction, 1
gimme, 1
worrying, 1
wearing, 1
evil, 1
truth, 1
loser, 1
meaning, 1
harm, 1
see
, 1
because
, 1
trapped, 1
sweat, 1
runaway, 1
mansions, 1
machines, 1
sprung, 1
cages, 1
nine
, 1
wheeled
, 1
fuel, 1
injected
"steppin", 1
trap
, 1
rap, 1
us
, 1
guard, 1
visions, 1
rims, 1
strap, 1
drop
, 1
rider, 1
palace, 1
hemi-powered, 1
drones, 1
boulevard, 1
comb, 1
rearview, 1
mirrors, 1
amusement, 1
rises, 1
bold, 1
stark, 1
huddled, 1
mist, 1
everlasting, 1
jammed, 1
power, 1
madness, 1
someplace
, 1
patrol, 1
choppers, 1
ridge, 1
bridge, 1
shelter, 1
stretching, 1
order, 1
families, 1
southwest, 1
kidding, 1
bag, 1
butt, 1
drag, 1
cardboard, 1
box, 1
underpass, 1
one-way, 1
belly, 1
solid, 1
bathing, 1
"citys", 1
aqueduct, 1
go!, 1
"mom
, 1
cop, 1
beating, 1
newborn, 1
cries, 1
hatred, 1
mom
, 1
decent, 1
helping, 1
ma
, 1
yeah!, 1
"rainin", 1
"everythingll", 1
okay, 1
"sighin", 1
"fallin", 1
ice, 1
truck, 1
deserted, 1
"mornin", 1
madman, 1
drummers, 1
bummers, 1
indians, 1
teenage, 1
diplomat, 1
dumps, 1
mumps, 1
adolescent, 1
pumps, 1
hat, 1
boulder, 1
shoulder
, 1
kinda, 1
older
, 1
tripped, 1
merry-go-round, 1
unpleasing, 1
sneezing, 1
wheezing
, 1
calliope, 1
crashed, 1
all-hot, 1
half-shot, 1
"headin", 1
spot
, 1
"snappin", 1
fingers
, 1
"clappin", 1
fleshpot, 1
mascot, 1
tied, 1
knot, 1
whatnot, 1
scott, 1
slingshot, 1
spot, 1
throws, 1
sand, 1
bloodshot, 1
forget-me-not, 1
whispers
, 1
within, 1
earshot
, 1
buckshot
, 1
brimstone, 1
baritone, 1
anti-cyclone, 1
dethrone, 1
dictaphone
, 1
bone
, 1
expect, 1
new-mown, 1
chaperone, 1
fresh-sown, 1
moonstone, 1
"messin", 1
remind, 1
silicone, 1
"managers", 1
sonny
, 1
song, 1
funky, 1
go-cart, 1
mozart, 1
"checkin", 1
weather, 1
chart, 1
early-pearly, 1
curly-wurly, 1
needed, 1
hazard, 1
harvard, 1
skunked, 1
backyard, 1
bombardier, 1
scotland, 1
yard, 1
dude, 1
card
, 1
around
, 1
air
, 1
then
, 1
zanzibar
, 1
"shootin", 1
star, 1
car
, 1
"hummin", 1
lunar, 1
tune, 1
avatar, 1
remove, 1
cookie, 1
jar
, 1
kidnapped, 1
handicap, 1
"complainin", 1
clap, 1
mousetrap, 1
unsnapped, 1
skull, 1
gap, 1
figured, 1
edgy, 1
dull, 1
sheets, 1
soaking, 1
freight, 1
baseball, 1
player, 1
speed, 1
roadside, 1
"boys", 1
heads, 1
husband, 1
bobby
, 1
times
, 1
starts, 1
laughing, 1
probably, 1
recapture, 1
of
, 1
slips, 1
boring, 1
stories, 1
going
, 1
brush, 1
sunlight, 1
guide, 1
walks, 1
"isnt", 1
carnival, 1
rides, 1
thrills, 1
wrapped, 1
bother, 1
uninspired, 1
asleep, 1
brat, 1
drop, 1
mom?s, 1
dancing?s, 1
philly, 1
boardwalk, 1
racket, 1
"busin", 1
d.a., 1
relief, 1
rumble, 1
promenade, 1
"gamblin", 1
"commissions", 1
"hangin", 1
teeth, 1
drew, 1
central, 1
tickets, 1
coast, 1
forever, 1
"sands", 1
"stockins", 1
"getting", 1
losers, 1
favor, 1
nice
, 1
brunettes, 1
blondes, 1
stud, 1
"lifes", 1
wasted, 1
knees, 1
tasted, 1
skirt
, 1
strawberry, 1
cheap, 1
dated
, 1
rotated, 1
covering, 1
jam, 1
rifle, 1
foreign, 1
kill, 1
hiring, 1
"son, 1
v.a., 1
"son
, 1
understand", 1
khe, 1
sahn, 1
viet, 1
cong, 1
there
, 1
saigon, 1
picture, 1
penitentiary, 1
fires, 1
heartland, 1
head-on, 1
collision, 1
"smashin", 1
crossfire, 1
in-betweens, 1
control, 1
baby?, 1
burned, 1
satisfied, 1
rules, 1
ones, 1
sin, 1
baltimore
, 1
flowing, 1
ripped, 1
needs, 1
walking
, 1
pushing, 1
carriage, 1
speak, 1
by
, 1
raising, 1
mixed, 1
clip, 1
family, 1
facing, 1
responsibilities, 1
prevails, 1
fairytale, 1
maybe
, 1
grave, 1
unfulfilled, 1
wanting, 1
somebody
, 1
proud, 1
awhile, 1
mess, 1
handsome, 1
dan, 1
"good-lookin", 1
arm, 1
"sweet-talkin", 1
boyfriends, 1
test, 1
answered, 1
wears, 1
secrets, 1
daylight, 1
neck, 1
heartbeat, 1
wilderness, 1
whispered, 1
tucked, 1
pilgrim, 1
wealth, 1
loving, 1
faithful, 1
palm, 1
alter, 1
future, 1
lied, 1
doubts, 1
sands, 1
crumble
, 1
crumble, 1
tumble, 1
texaco, 1
station, 1
reputation, 1
rip, 1
bedtime
, 1
..., 1
know
, 1
ityou, 1
drone, 1
bouncing, 1
satellite, 1
"crushin", 1
lone, 1
dial, 1
file, 1
different, 1
speaking, 1
tongues, 1
"boppin", 1
stone-like, 1
midnight
, 1
suspended, 1
masquerade, 1
combed, 1
commanded, 1
brigade, 1
crossed, 1
crooked, 1
strolled, 1
fallout, 1
untouched, 1
"sit, 1
flag, 1
piracy, 1
flew, 1
mast
, 1
sails, 1
jukebox, 1
graduate, 1
mate
, 1
sail, 1
b-52, 1
bombed, 1
gear, 1
stubborn, 1
rules
, 1
strafed, 1
school
, 1
landing, 1
"come, 1
month-long, 1
vacations, 1
stratosphere
, 1
feared
, 1
cosmic, 1
costume, 1
root, 1
earth
, 1
universe, 1
parked, 1
mother, 1
breast, 1
"pull, 1
binds, 1
climbed, 1
"backs", 1
sixty, 1
shoulder, 1
"wearin", 1
"rollin", 1
black
, 1
precious, 1
bind, 1
lord
, 1
sighs, 1
mix, 1
blackness, 1
mercy
, 1
fills, 1
fullness
, 1
field, 1
street?, 1
wheat?, 1
punching, 1
breeze?, 1
comforted, 1
cannot, 1
"faiths", 1
bruises, 1
display, 1
bug, 1
hug, 1
spill, 1
bible, 1
temptations, 1
tempting, 1
silver, 1
pleasures, 1
eve, 1
tempted, 1
adam, 1
apple, 1
oozing, 1
uses, 1
honda, 1
subaru, 1
anyway, 1
roberts
, 1
sergeant, 1
perrineville
, 1
barracks, 1
8, 1
named, 1
franky
, 1
kids
, 1
shortwave
, 1
"frankys", 1
1965, 1
farm, 1
deferment
, 1
settled, 1
wheat, 1
prices, 1
"droppin", 1
robbed, 1
"68", 1
other
, 1
quarter, 1
nine, 1
roadhouse, 1
"bleedin", 1
"cryin", 1
table, 1
frank
, 1
hundred, 1
crossroads
, 1
plates
, 1
frank, 1
chased, 1
"canadian, 1
border, 1
taillights, 1
"strayin", 1
sailing, 1
boat, 1
bar
, 1
knocked, 1
spar
, 1
son
, 1
run
, 1
(trumpet), 1
well..., 1
mr, 1
gates
, 1
haul, 1
crates
, 1
40, 1
nights
, 1
dollar, 1
bomb, 1
searchin, 1
"stumblin", 1
trance, 1
hardly, 1
protect, 1
standin
, 1
crowd, 1
"gods", 1
sake, 1
cause, 1
(i, 1
make), 1
blessing, 1
"holdin", 1
bicycle, 1
spokes, 1
spin, 1
"jackets", 1
"kids", 1
rubber, 1
smacks, 1
gutter, 1
lamp, 1
chimes, 1
sleepy, 1
"stores", 1
"evenings", 1
underway, 1
"frankies", 1
"diners", 1
neon, 1
fluorescent, 1
flicker, 1
"bobs", 1
grill, 1
shaniqua, 1
coffee, 1
asks, 1
"fill?", 1
"penny, 1
thoughts, 1
bill", 1
hello, 1
glance, 1
"loves", 1
sense, 1
bruised, 1
battered
, 1
unrecognizable, 1
reflection, 1
"wastin", 1
avenue
, 1
stone
, 1
friends
, 1
greet, 1
fit, 1
fallen
, 1
awake
, 1
fading, 1
away
, 1
receive, 1
faithless, 1
rattlesnake, 1
speedway, 1
utah, 1
waynesboro, 1
killing, 1
mirage, 1
charge, 1
itching, 1
wrench, 1
packed, 1
storm, 1
twister, 1
randolph, 1
maple, 1
street
, 1
condo, 1
frehold, 1
ymca, 1
canteen, 1
espenoza, 1
tonight?, 1
13, 1
limb, 1
regional, 1
dozen, 1
itch, 1
dumped, 1
strike, 1
bridge?, 1
tex
, 1
marion, 1
george, 1
5, 1
bucks, 1
pocket, 1
earned, 1
different
, 1
brown, 1
redneck, 1
"69", 1
"cept", 1
3000, 1
relatives, 1
names, 1
17, 1
survived, 1
mike
, 1
mayor, 1
"holy, 1
shit
, 1
back!", 1
rode, 1
showed, 1
dad, 1
usually, 1
offers, 1
meals, 1
crazy
, 1
ruin, 1
catholic, 1
education, 1
led, 1
awful, 1
masturbation, 1
father
, 1
dedicate, 1
wrong
, 1
"puttin", 1
freehold!, 1
drug, 1
whatever, 1
blue
, 1
distant, 1
laughter, 1
guardian, 1
angels
, 1
guarding, 1
doubt, 1
world
, 1
circle, 1
shed, 1
skins, 1
m, 1
twilight, 1
travel, 1
stride, 1
differently, 1
everyone, 1
lasting, 1
"oaks", 1
bough, 1
wed, 1
(j.&, 1
n., 1
cassidy), 1
liked, 1
mom, 1
plate, 1
ate, 1
said,, 1
sink, 1
slightly, 1
ill, 1
drink", 1
"i\ve, 1
protein, 1
vitamins
, 1
think", 1
"mammas", 1
"yappin", 1
monday, 1
unemployment, 1
agency, 1
wins, 1
melting, 1
traffic, 1
fifty, 1
third, 1
package, 1
sunlight
, 1
tide, 1
operators, 1
minutes, 1
"roarin", 1
bend, 1
piss, 1
"fortunes", 1
"eatin", 1
caviar, 1
ending, 1
"draggin", 1
"passin", 1
wagon, 1
shone, 1
"layin", 1
"carvin", 1
leisure, 1
"pirates", 1
treasure, 1
tragedy, 1
turning, 1
halfway, 1
w.c., 1
handy
, 1
elvis, 1
followed, 1
gates, 1
graceland, 1
security, 1
hovered, 1
tomb, 1
table
, 1
gospel, 1
reverend, 1
green
, 1
"havent", 1
prayer?, 1
muriel, 1
piano, 1
hollywood, 1
brought, 1
sang, 1
christian, 1
child?", 1
"ma\am
, 1
tonight", 1
wore, 1
3, 1
links, 1
link, 1
"jesus", 1
theses, 1
12, 1
"smote", 1
mr., 1
satan, 1
missed, 1
drownded, 1
sisters, 1
noah, 1
rainbow, 1
time", 1
hoped, 1
"weve", 1
lessons, 1
"learnin", 1
bird, 1
motel, 1
june, 1
battle, 1
slipped, 1
"sendin", 1
married, 1
music, 1
never-ending, 1
faded, 1
child, 1
tall, 1
rustling, 1
ghostly, 1
snapping, 1
heels, 1
branches, 1
brambles, 1
tore, 1
scratched, 1
shaking, 1
awoke, 1
imagined
, 1
recognize, 1
spoke, 1
chained, 1
anymore", 1
shines, 1
beacon, 1
calling
, 1
unatoned, 1
criticize, 1
endlessly, 1
logic, 1
defies, 1
type, 1
bore, 1
understand
, 1
satisfy, 1
lean, 1
pitch
, 1
swing, 1
(come, 1
boys!), 1
change
, 1
sales, 1
bloomindales, 1
scene, 1
hitting, 1
jimmy, 1
iovine, 1
grooves, 1
waited, 1
aww, 1
whoaaa!, 1
mountain, 1
"chargin", 1
hill
, 1
women, 1
fade, 1
chances, 1
"fightin", 1
hardness, 1
grinds, 1
shades, 1
gray, 1
bills, 1
houses, 1
feel
, 1
wheel
, 1
gained, 1
why
, 1
mistery, 1
uncovered, 1
"prayin", 1
"tomorrows", 1
fooled, 1
romeos, 1
welfare, 1
ease, 1
sights
, 1
clubs, 1
loud, 1
"shoutin", 1
counted, 1
grabbed, 1
slow, 1
answer, 1
turned
, 1
blown, 1
twisted, 1
blank
, 1
morning
, 1
chill, 1
kitchen
, 1
cigarettes, 1
hung, 1
place
, 1
drifting, 1
reached, 1
searched, 1
trembling, 1
footsteps, 1
door
, 1
smell, 1
drifts, 1
wake
, 1
graces, 1
places, 1
hips
, 1
kills, 1
cream
, 1
soften, 1
boots, 1
kneeling, 1
dark
, 1
"says", 1
tells, 1
pact, 1
bitterness, 1
lost., 1
faith., 1
carried, 1
prayed, 1
late., 1
treasure
, 1
star., 1
unless, 1
"howlin", 1
kindness
, 1
prisoner, 1
blindness., 1
indifference
, 1
world., 1
unfurls., 1
lost
, 1
tongue
, 1
"doin", 1
steady, 1
unkind, 1
"youd", 1
okay
, 1
"smiles", 1
date, 1
worker, 1
"hauld", 1
barges, 1
lumber
, 1
hay, 1
albany, 1
gal, 1
mule
, 1
lock, 1
rome, 1
trip, 1
buffalo, 1
pal?, 1
sore, 1
jaw, 1
fly, 1
toe, 1
fears, 1
undressed, 1
river
, 1
"suns", 1
torn, 1
burst, 1
"tumblin", 1
mission, 1
"tradin", 1
g-man, 1
duded, 1
slammed, 1
coaster, 1
brakes, 1
"anybody, 1
lake?, 1
route, 1
88, 1
bottle, 1
ros√©, 1
angels, 1
build, 1
cat, 1
shook, 1
coonskin, 1
"trust, 1
this
, 1
"janeys", 1
cake, 1
dug, 1
fake, 1
hurt
, 1
heal, 1
fairy, 1
kissed, 1
moonlight, 1
lawn, 1
socks, 1
songs, 1
goodbye, 1
row, 1
moved, 1
pretenders, 1
strips, 1
kindness, 1
miracles, 1
blesses, 1
praise, 1
bread, 1
heavenly, 1
"drawin", 1
wine, 1
safety, 1
prize, 1
risk, 1
remains, 1
riders, 1
bargain, 1
paint, 1
answers
, 1
amount, 1
passing, 1
ah
, 1
longer, 1
exists, 1
"strangers", 1
nameless, 1
"rushin", 1
survives, 1
crowded, 1
reminds, 1
danceas, 1
counts, 1
beaten
, 1
"till", 1
strength, 1
thinks, 1
decide, 1
whose, 1
who(se), 1
aside, 1
baby
"inspirin", 1
"hi", 1
"knowin", 1
exist, 1
"singin
", 1
salute, 1
finest, 1
"wholl", 1
"dyou", 1
guys, 1
"sumpnso", 1
good
, 1
will
, 1
naive, 1
come-on, 1
mmmm
, 1
holier, 1
bursted, 1
fools, 1
three-minute, 1
record
, 1
neighborhood, 1
soldiers, 1
"winters", 1
"sisters", 1
someplace, 1
dim, 1
raging, 1
peaceful, 1
country, 1
romantic, 1
north, 1
eighteen-o-three, 1
danny, 1
heaton, 1
ore, 1
"linin", 1
creek, 1
cannon, 1
helped, 1
hotter, 1
"nam", 1
scarfer, 1
"thatd", 1
taconite
, 1
coke, 1
limestone, 1
fed, 1
smokestacks, 1
"reachin", 1
soot, 1
clay, 1
0hio, 1
works, 1
scrap, 1
rubble, 1
hitler, 1
mills, 1
tanks, 1
bombs, 1
won, 1
"countrys", 1
wars, 1
sons, 1
korea, 1
vietnam, 1
wondering, 1
"dyin", 1
monongaleh, 1
mesabi, 1
range, 1
mines, 1
appalacchia, 1
"storys", 1
seven-hundred, 1
tons, 1
metal, 1
sir, 1
"worlds", 1
changed, 1
heavens, 1
rangers, 1
homecoming, 1
harlem, 1
sleek, 1
dodge, 1
drinking, 1
rolls, 1
pants, 1
stab, 1
lane, 1
maximum, 1
lawmen, 1
quiet
, 1
holding, 1
churches, 1
jails, 1
"gangs", 1
assembled, 1
rendezvous, 1
giant, 1
exxon, 1
fair, 1
opera, 1
turnpike, 1
ballet, 1
fought, 1
cops
, 1
cherry-tops
, 1
paid, 1
contacts, 1
unseen, 1
switchblades, 1
hustling, 1
hunted, 1
"n", 1
bands, 1
visionaries, 1
rage, 1
backstreet, 1
records, 1
dj, 1
lonely-hearted, 1
struggle, 1
corners, 1
whisper
, 1
whispers, 1
refusal, 1
tunnels, 1
uptown
, 1
"rats", 1
guns, 1
shots, 1
echo, 1
hallways, 1
watches, 1
ambulance, 1
shuts, 1
waltz, 1
fantasy, 1
poets, 1
knife
, 1
wounded
, 1
clean, 1
monroe, 1
angeline, 1
buy, 1
seal, 1
hunger
, 1
hunger, 1
resist, 1
deserve, 1
tie, 1
bow, 1
dynamo, 1
telling, 1
choices, 1
means, 1
steal
, 1
cheat
, 1
spread, 1
doctor, 1
reins, 1
dynamite
, 1
lieutenant
, 1
"needs", 1
soft
, 1
tongue, 1
"dynamites", 1
belfry
, 1
bats, 1
"woolworths", 1
attitude, 1
cats, 1
"papas", 1
window
, 1
wrestle, 1
upstairs
, 1
business
, 1
knee, 1
willie
, 1
sloppy, 1
sue, 1
bone, 1
billy
, 1
pool
, 1
skip, 1
cool
, 1
cheaters
, 1
chimneys, 1
closets, 1
hangers
, 1
desire
, 1
daddy
, 1
dig, 1
lowered, 1
boom
, 1
room
, 1
lend, 1
liberate, 1
confiscate, 1
sad
, 1
daughter, 1
company
, 1
advance, 1
slashed, 1
almost, 1
crashed
, 1
lord, 1
machine
, 1
dud
, 1
southern, 1
san, 1
diego, 1
cafe
, 1
"strummin", 1
runway, 1
blacktop, 1
taxi, 1
dining, 1
undid, 1
extra, 1
button, 1
blouse, 1
him
, 1
4,00, 1
staring, 1
ceiling, 1
shakes, 1
stretched, 1
banner, 1
home", 1
bobby, 1
polished, 1
johnny
, 1
pa, 1
factory, 1
forest
, 1
stretch, 1
maryland, 1
johnson, 1
lineir, 1
stares, 1
jersey
, 1
cheers
, 1
champions, 1
line
, 1
meadowlands
, 1
mosquitoes, 1
airplanes, 1
spilled
, 1
"arenas", 1
filled
, 1
giants, 1
glasses, 1
on!, 1
here
, 1
anger
, 1
stories
, 1
drift, 1
rust, 1
youth, 1
beauty
, 1
decided
, 1
victories, 1
glories
, 1
hopes, 1
desires
, 1
scattered, 1
got
, 1
choked, 1
tomorrows, 1
happen, 1
others, 1
pale, 1
horse, 1
decided, 1
st., 1
parish, 1
christened, 1
actions, 1
drugs, 1
forgiveness, 1
prison, 1
eight, 1
dime, 1
paper, 1
lap, 1
steer, 1
tousle, 1
"65", 1
tension, 1
fights, 1
troubled, 1
whitewashed, 1
vacant, 1
stores, 1
textile, 1
mill, 1
foreman, 1
jobs, 1
kate, 1
packing, 1
south, 1
thirty, 1
groove, 1
over
, 1
stranded, 1
heat, 1
giving, 1
"sidewalks", 1
lined, 1
tenement, 1
transistor, 1
blasts, 1
(and, 1
kid
, 1
picture), 1
own
, 1
joined, 1
coastline, 1
pretties, 1
bust, 1
freeze, 1
freeze-out..., 1
rough
, 1
rougher, 1
toys, 1
knocking
, 1
pretty
, 1
"hearts", 1
brain, 1
towards, 1
driving
, 1
learn
, 1
melt
, 1
darkness
, 1
fancy, 1
wants
, 1
stare, 1
lines, 1
everyday, 1
something
, 1
last
, 1
return, 1
lasts, 1
spent, 1
planned, 1
roam, 1
empty-hearted, 1
whip, 1
peace, 1
special, 1})
