i’m, 296
like, 198
don’t, 172
know, 157
gonna, 155
got, 153
it’s, 145
well
, 129
one, 125
see, 116
you’re, 106
get, 99
love, 97
ain’t, 92
go, 87
oh
, 87
come, 81
man, 81
can’t, 78
say, 78
there’s, 75
never, 74
time, 72
back, 71
could, 69
i’ll, 68
want, 67
may, 66
make, 63
still, 63
way, 62
tell, 59
let, 58
i’ve, 57
day, 57
feel, 53
things, 53
well, 53
heart, 53
around, 52
think, 51
people, 50
must, 49
he’s, 49
night, 48
would, 48
need, 48
long, 47
"im", 47
good, 46
hear, 46
going, 46
even, 45
eyes, 44
god, 44
you
, 43
take, 43
right, 43
world, 43
look, 43
every, 42
always, 42
won’t, 42
broken, 42
new, 41
give, 40
knows, 40
me
, 40
door, 40
said, 39
ever, 39
yes
, 39
high, 38
an’, 38
mind, 38
last, 38
much, 37
they’re, 37
face, 37
little, 36
she’s, 36
many, 35
away, 35
true, 35
inside, 35
really, 34
light, 34
might, 34
gone, 33
keep, 33
place, 32
road, 32
hand, 32
call, 31
now
, 30
old, 30
baby, 30
hard, 29
nothing, 29
somebody, 29
wake, 29
town, 29
"dont", 29
everything, 28
put, 28
sun, 28
best, 28
something, 28
left, 28
believe, 28
wiggle, 28
made, 27
behind, 27
head, 27
trying, 27
though, 27
stand, 27
’til, 27
said
, 27
wind, 26
heard, 26
seen, 26
young, 26
blues, 26
wiggle
, 26
didn’t, 25
say
, 25
saw, 25
morning, 25
miles, 25
men, 25
shot, 25
black, 25
life, 24
without, 24
street, 24
blue, 24
big, 24
lord, 24
alone, 24
turn, 24
stone, 24
water, 24
went, 24
better, 23
oh, 23
thing, 23
lookin’, 23
knew, 23
times, 23
they’ll, 23
that’s, 23
moon, 23
i’d, 23
remember, 23
tweedle-dee, 23
came, 22
find, 22
comin’, 22
sure, 22
rain, 22
meet, 22
ya, 22
end, 22
fall, 22
woman, 22
"ill", 22
shine, 22
home, 21
babe, 21
another, 21
someone, 21
work, 21
dead, 21
queen, 21
train, 21
sometimes, 21
mama
, 21
serve, 21
., 21
everybody, 20
says, 20
dark, 20
close, 20
hands, 20
wish, 20
play, 20
sky, 20
gave, 20
sweet, 20
hard
, 20
line, 19
kind, 19
shoes, 19
standing, 19
walk, 19
try, 19
blood, 19
tonight, 19
bad, 19
blow, 19
tears, 19
thought, 18
nobody, 18
took, 18
king, 18
done, 18
fly, 18
no
, 18
sing, 18
stay, 18
wrong, 18
wait, 18
please, 18
baby
, 18
matter, 18
up
, 18
blind, 18
river, 18
forever, 17
understand, 17
watch, 17
window, 17
fire, 17
bring, 17
show, 17
glad, 17
"its", 17
"youre", 17
"aint", 17
cold, 17
along, 16
talk, 16
used, 16
next, 16
rolling, 16
you’ve, 16
live, 16
you’d, 16
tryin’, 16
met, 16
comes, 16
pain, 16
friends, 16
wanna, 16
knock
, 16
upon, 15
bound, 15
miss, 15
says
, 15
light
, 15
war, 15
far, 15
years, 15
maggie’s, 15
song, 15
across, 15
dance, 15
friend, 15
beginning, 15
love
, 15
country, 15
"cant", 15
"walkin", 15
joey, 15
goin’, 14
you’ll, 14
speak, 14
wonder, 14
break, 14
man
, 14
looking, 14
born, 14
yet, 14
alley, 14
mine, 14
pretty, 13
run, 13
bed, 13
lives, 13
side, 13
soon, 13
room, 13
full, 13
mr., 13
hide, 13
summer, 13
lost, 13
care, 13
cat’s, 13
names, 13
fate, 12
two, 12
lose, 12
ring, 12
fell, 12
bird, 12
doesn’t, 12
set, 12
sit, 12
anymore, 12
leave, 12
free, 12
gets, 12
girl, 12
sees, 12
dogs, 12
hold, 12
anything, 12
thinking, 12
goes, 12
near, 12
streets, 12
looked, 12
lay, 12
everywhere, 12
throw, 12
walked, 12
real, 12
couldn’t, 12
shall, 12
we’re, 12
t’, 12
called, 12
’cause, 12
million, 12
jokerman, 12
animals, 12
beginning
, 12
saved, 12
spoke, 11
us, 11
you?, 11
ask, 11
horse, 11
highway, 11
thousand, 11
son, 11
told, 11
floor, 11
past, 11
soul, 11
word, 11
use, 11
change, 11
die, 11
tambourine, 11
sand, 11
deep, 11
today, 11
nothin’, 11
buy, 11
what’s, 11
wall, 11
rules, 11
sick, 11
"nothin", 11
rise, 11
sugar, 11
flow, 11
dee, 11
cried, 11
heaven, 11
women, 10
outside, 10
seem, 10
turned, 10
white, 10
walkin’, 10
great, 10
lot, 10
words, 10
lived, 10
walking, 10
strong, 10
hey!, 10
feet, 10
ready, 10
leaves, 10
crazy, 10
forget, 10
death, 10
fast, 10
seems, 10
stuck, 10
peace, 10
clouds, 10
truth, 10
killed, 10
easy, 10
gates, 10
hit, 10
slow, 10
"theres", 10
sleep, 10
coming, 10
power, 10
name, 10
cry, 10
dum, 10
filled, 10
desolation, 10
row, 10
knockin’, 10
heaven’s, 10
whole, 10
rock, 10
“come, 10
in
”, 10
“i’ll, 10
shelter, 10
storm”, 10
him
, 10
señor
, 10
thank, 10
joey
, 10
jane?, 10
getting, 9
dressed, 9
ride, 9
yes, 9
first, 9
mother, 9
found, 9
somehow, 9
friend
, 9
read, 9
farm, 9
woman
, 9
child, 9
lonesome, 9
brain, 9
land, 9
’em, 9
gold, 9
mobile, 9
memphis, 9
send, 9
twenty, 9
cup, 9
start, 9
keeps, 9
"ive", 9
pie, 9
neither, 9
brand, 9
sea, 9
voice, 9
hill, 9
pass, 9
indeed, 9
awhile, 9
eden, 9
go
, 9
slow
, 9
strengthen, 9
remain?, 9
bend, 9
"talkin
", 9
"yearnin", 9
hour, 8
proud, 8
wasn’t, 8
“you, 8
wouldn’t, 8
clothes, 8
gun, 8
hair, 8
mama’s, 8
enough, 8
sad, 8
somethin’, 8
died, 8
blowin’, 8
mister, 8
else, 8
looks, 8
makes, 8
ah
, 8
loved, 8
pick, 8
flowers, 8
younger, 8
house, 8
low, 8
crying, 8
sound, 8
smile, 8
tried, 8
alive, 8
happy, 8
maybe, 8
whatever, 8
dreams, 8
winds, 8
honey
, 8
stop, 8
help, 8
stars, 8
brown, 8
ago, 8
kill, 8
seven, 8
ten, 8
girl
, 8
devil, 8
lay
, 8
lady
, 8
stay
, 8
closer, 8
is
, 8
isn’t, 8
nowhere, 8
boy, 8
mama, 8
"burnin
", 8
earth, 7
hangin’, 7
lift, 7
east, 7
tangled, 7
guess, 7
someday, 7
clear, 7
felt, 7
book, 7
air, 7
’n’, 7
happening, 7
jones?, 7
already, 7
they’ve, 7
known, 7
ground, 7
law, 7
brother, 7
open, 7
sleeping, 7
pay, 7
sorrow, 7
tomorrow, 7
lie, 7
others, 7
fear, 7
children, 7
money, 7
takes, 7
rest, 7
hungry, 7
days, 7
shake, 7
front, 7
win, 7
falling, 7
silver, 7
sense, 7
fools, 7
mean, 7
thunder, 7
price, 7
city, 7
jump, 7
judge, 7
wide, 7
honest, 7
cut, 7
living, 7
there
, 7
"thats", 7
gotta, 7
since, 7
coat, 7
leopard-skin, 7
pill-box, 7
hat, 7
sittin’, 7
feeling, 7
carry, 7
speaks, 7
taking, 7
babies, 7
saying
, 7
older, 7
dirty, 7
irons, 7
longer, 7
somebody
, 7
eat, 7
faith, 7
given, 7
hang, 7
track, 7
tune, 7
star, 7
thief, 6
among, 6
began, 6
fine, 6
unknown, 6
precious, 6
calls, 6
asked, 6
step, 6
we’ll, 6
changed, 6
together, 6
west, 6
later, 6
crowd, 6
underneath, 6
breath, 6
see?, 6
ears, 6
walks, 6
pa, 6
ma, 6
wants, 6
table, 6
dawn, 6
turnin’, 6
gal, 6
gather, 6
mud, 6
jesus, 6
follow, 6
nights, 6
eyes
, 6
sorry, 6
leaving, 6
strange, 6
move, 6
fool, 6
shadows, 6
ma
, 6
criticize, 6
anyone, 6
lady, 6
blows, 6
see
, 6
he’d, 6
’neath, 6
either, 6
straight, 6
simple, 6
twist, 6
chance, 6
hall, 6
here
, 6
plain, 6
valley, 6
who’s, 6
forgotten, 6
wild, 6
thoughts, 6
ev’ry, 6
making, 6
trees, 6
dream, 6
almost, 6
her
, 6
midnight, 6
darling, 6
shut, 6
lies, 6
cross, 6
bother, 6
moment, 6
disgrace, 6
boots, 6
dry, 6
fight, 6
arms, 6
apart, 6
cool, 6
grass, 6
tonight
, 6
turn
, 6
fact’ry, 6
daddy’s, 6
fuse, 6
tombstone, 6
nightingale, 6
animal, 6
coffee, 6
happiness, 6
runnin’, 6
shooting, 6
you—now, 6
mem’ry, 6
grace, 6
moonlight, 6
alone?, 6
cove, 6
lamb, 6
clay, 6
reason, 5
dime, 5
laugh, 5
thinkin’, 5
nose, 5
poor, 5
ol’, 5
easily, 5
rough, 5
fallin’, 5
car, 5
north, 5
opened, 5
sell, 5
different, 5
answer, 5
ticket, 5
bone, 5
anyway, 5
liked, 5
back
, 5
milk, 5
wear, 5
pray, 5
shame, 5
stoned, 5
wanted, 5
long
, 5
protect, 5
for
, 5
part, 5
night
, 5
lover, 5
sleepy, 5
jingle, 5
jangle, 5
followin’, 5
ancient, 5
empty, 5
fade, 5
cast, 5
beneath, 5
memory, 5
build, 5
guns, 5
hope, 5
ev’rybody, 5
fit, 5
girls, 5
day
, 5
boys, 5
short, 5
skies, 5
waiting, 5
expecting, 5
hell, 5
locked, 5
care
, 5
rag, 5
drag, 5
stuff, 5
hot, 5
hurt, 5
darkness, 5
foreign, 5
except, 5
glow, 5
teach, 5
lead, 5
tongue, 5
cannot, 5
they’d, 5
ladies, 5
railroad, 5
control, 5
write, 5
five, 5
heat, 5
a-changin’, 5
beyond, 5
memories, 5
it—my, 5
feelings, 5
it
, 5
sitting, 5
wicked, 5
shelf, 5
future, 5
"wont", 5
beat, 5
warm, 5
doctor, 5
know
, 5
spirit, 5
ghost, 5
tear, 5
rollin’, 5
bank, 5
beating, 5
foundation, 5
unto, 5
tree, 5
tied, 5
somewhere, 5
mercy, 5
letter, 5
blue-eyed, 5
son?, 5
one?, 5
rain’s, 5
a-gonna, 5
wounded, 5
singin’, 5
brass, 5
listen, 5
deal, 5
kiss, 5
healed, 5
rose, 5
dead
, 5
believe?, 5
asleep, 5
grief, 5
golden, 5
william, 5
fears, 5
top, 5
tight, 5
bit, 5
gypsy, 5
eye, 5
seeing, 5
i?, 5
weep, 5
prayer, 5
blowing, 5
willie, 5
mctell, 5
kings, 5
visions, 5
jewels, 5
mile, 5
turning, 5
creation, 5
one’s, 5
nature, 5
honors, 5
forgives, 5
other
, 5
storms, 5
yellow, 5
broke, 5
“ah
, 5
kingdom, 5
learn, 5
"oer", 5
staying, 5
serves, 5
lenny, 5
bruce, 5
saving, 5
streets
, 5
away?, 5
drink, 4
i
, 4
we’ve, 4
kept, 4
complete, 4
stone?, 4
right
, 4
lonely, 4
carried, 4
diamond, 4
nothing
, 4
pointed, 4
61, 4
forty, 4
father, 4
second, 4
nearly, 4
she’d, 4
red, 4
folks, 4
standin’, 4
spell, 4
workin’, 4
stopped, 4
“i, 4
finally, 4
point, 4
mountain, 4
exist, 4
raise, 4
“you’re, 4
insane, 4
puts, 4
grave, 4
twice
, 4
talkin’, 4
rhyme, 4
masters, 4
walls, 4
won, 4
buried, 4
worth, 4
dying, 4
worse, 4
quit, 4
fake, 4
table
, 4
pockets, 4
thick, 4
wedding, 4
bells, 4
holding, 4
luck, 4
using, 4
police, 4
tight
, 4
range, 4
passing, 4
bluff, 4
torn, 4
busy, 4
roar, 4
alright
, 4
small, 4
spark, 4
wise, 4
race, 4
hole, 4
dare, 4
false, 4
me?, 4
hanging, 4
love;, 4
treat, 4
“oh
, 4
again
, 4
preacher, 4
climb, 4
six, 4
fat, 4
evening, 4
bones, 4
hotel, 4
shade, 4
gate, 4
within, 4
late, 4
wheel’s, 4
tellin’, 4
daughters, 4
mountain
, 4
beside, 4
church, 4
heavy, 4
brings, 4
god
, 4
silvio, 4
makin’, 4
hardly, 4
meant, 4
explain, 4
key, 4
"youve", 4
watchin’, 4
young
, 4
needs, 4
paint, 4
knees, 4
wears, 4
shining, 4
swear, 4
man’s, 4
me”, 4
vain, 4
dollar, 4
he’ll, 4
afraid, 4
quite, 4
iron, 4
passed, 4
shoulders, 4
fighting, 4
stepped, 4
mouth, 4
dog, 4
’fore, 4
ocean, 4
voices, 4
world
, 4
rich, 4
somebody’s, 4
begin, 4
trail, 4
roses, 4
promises, 4
hours, 4
ran, 4
anybody, 4
garden
, 4
know?, 4
city
, 4
hear?, 4
crippled
, 4
dare?, 4
weather, 4
zanzinger, 4
philosophize, 4
birth, 4
soft, 4
conscience, 4
wrote, 4
hearts, 4
path, 4
bottom
, 4
lag, 4
"workingmans", 4
birds, 4
señor?, 4
smell, 4
enemy, 4
fail, 4
tired, 4
trouble, 4
forgetful, 4
dear, 4
bell, 4
chain, 4
blade, 4
showed, 4
pounding, 4
stranger, 4
sight, 4
burns, 4
places, 4
grain, 4
marie?, 4
waited, 4
suitcase, 4
oh!, 4
months, 4
brief, 4
flesh, 4
jolene
, 4
jolene, 4
sister, 4
smooth, 4
yet
, 4
nettie, 4
moore, 4
"winters", 4
gone
, 4
"rivers", 4
brains
, 4
stayed, 4
kin, 4
kid, 4
foot, 4
whoo-ee!, 4
tomorrow’s, 4
bride’s, 4
chair!, 4
seemed, 4
stripes, 4
spied, 4
morning
, 4
view, 3
distance, 3
loud, 3
school, 3
mystery, 3
stare, 3
direction, 3
tricks, 3
understood, 3
cat, 3
discover, 3
steal, 3
gifts, 3
secrets, 3
abe, 3
howard, 3
minute, 3
early, 3
dress, 3
coast, 3
paid, 3
gettin’, 3
split, 3
working, 3
orleans, 3
happened, 3
mind
, 3
“don’t, 3
lines, 3
bent, 3
lit, 3
burnin’, 3
pourin’, 3
music, 3
started, 3
slaves, 3
bottom, 3
doin’, 3
seas, 3
answer
, 3
washed, 3
pretending, 3
till, 3
“oh, 3
expect, 3
books, 3
asks, 3
feels, 3
shouting, 3
frown, 3
ought, 3
drivin’, 3
stands, 3
talks, 3
twenty-four, 3
able, 3
riding, 3
playing, 3
brave, 3
speed, 3
weak, 3
promise, 3
moving, 3
returned, 3
ship, 3
dancing, 3
time
, 3
shadow, 3
seein’, 3
smoke, 3
twisted, 3
reach, 3
destroy, 3
drain, 3
higher, 3
baby’s, 3
hurts, 3
days
, 3
choir, 3
course, 3
starting, 3
god’s, 3
loose, 3
touch, 3
human, 3
down
, 3
scorn, 3
horn, 3
plays, 3
person, 3
bark, 3
sacred, 3
evil, 3
president, 3
suddenly, 3
distant, 3
belong, 3
authority, 3
rather, 3
phony, 3
legs, 3
crash, 3
silence, 3
block, 3
escape, 3
caught, 3
truck, 3
cursed, 3
medicine, 3
joe, 3
shook, 3
tough, 3
blazing, 3
droppin’, 3
dust, 3
keeping, 3
happy
, 3
bright, 3
bust, 3
dropped, 3
forgot, 3
emptiness, 3
brought, 3
sin, 3
blame, 3
waters, 3
grown, 3
pen, 3
spin, 3
heed, 3
windows, 3
mothers, 3
sons, 3
southern, 3
advice, 3
grab, 3
"bout", 3
"id", 3
cruel, 3
angel, 3
roll, 3
times
, 3
body, 3
edge, 3
taken, 3
stepping, 3
strike, 3
storm, 3
freeze, 3
prayed, 3
hidden, 3
burned, 3
paradise, 3
yesterday, 3
ladder, 3
grow, 3
lights, 3
swift, 3
nighttime, 3
bow, 3
sunday, 3
birthday, 3
ev’rything, 3
released, 3
breeze, 3
knee, 3
harmony, 3
company, 3
beauty, 3
style, 3
romeo
, 3
leather, 3
round, 3
sails, 3
them
, 3
lame, 3
badge, 3
mountains, 3
newborn, 3
a-bleedin’, 3
whose, 3
burning, 3
starts, 3
deepest, 3
hunger, 3
fields, 3
waist, 3
pride, 3
’m, 3
hasn’t, 3
reality, 3
heads, 3
joy, 3
string, 3
spiritual, 3
bread, 3
clean, 3
ahead, 3
blown, 3
crown, 3
innocence, 3
livin’, 3
softly, 3
strength, 3
skin, 3
heart
, 3
feelin’, 3
south, 3
violence, 3
success, 3
bridge, 3
lotta, 3
nerve, 3
stood, 3
acts, 3
doubt, 3
pretend, 3
slip, 3
“all, 3
beg, 3
deserve, 3
tail, 3
gentle, 3
sailin’, 3
darkest, 3
forsake, 3
spanish, 3
cane, 3
cops, 3
food, 3
emptied, 3
sailed, 3
pulled, 3
sticks, 3
die
, 3
"gettin", 3
steel, 3
‘em, 3
"tryin", 3
deaf, 3
save, 3
crime, 3
hurry, 3
horns, 3
wife, 3
means, 3
county, 3
playin’, 3
field, 3
mighty, 3
though
, 3
bad
, 3
“the, 3
trial, 3
pull, 3
mess, 3
fame, 3
fix, 3
troubles, 3
mornings, 3
laid, 3
care?, 3
barren, 3
ships, 3
metal, 3
soldier, 3
lamp, 3
sits, 3
sins, 3
louise, 3
johanna, 3
mirror, 3
cabin, 3
shotgun, 3
come
, 3
fire
, 3
space, 3
struggle, 3
flood, 3
now?, 3
pack, 3
john, 3
uniform, 3
“that’s, 3
sends, 3
way
, 3
solid, 3
double, 3
’cross, 3
furry, 3
followed, 3
weight, 3
soul
, 3
"youll", 3
trains, 3
stick, 3
awful, 3
notify, 3
wheel, 3
explode!, 3
mystic, 3
catch, 3
bees, 3
free
, 3
welcome, 3
doctor
, 3
masterpiece, 3
thinking
, 3
rage
, 3
thief?, 3
darlin’
, 3
mississippi, 3
“there, 2
none, 2
kindly, 2
joke, 2
that
, 2
barefoot, 2
growl, 2
howl, 2
threw, 2
selling, 2
clowns, 2
kicks, 2
shoulder, 2
siamese, 2
princess, 2
kinds, 2
pawn, 2
rags, 2
refuse, 2
invisible, 2
puttin’, 2
“where, 2
georgia, 2
sam, 2
bloody, 2
department, 2
quick, 2
finger, 2
louie, 2
daughter, 2
twelfth, 2
weren’t, 2
complexion, 2
bored, 2
create, 2
mornin’, 2
shinin’, 2
heading, 2
married, 2
helped, 2
force, 2
abandoned, 2
“we’ll, 2
boat, 2
escaped, 2
grew, 2
admit, 2
tie, 2
shoe, 2
offered, 2
silent, 2
handed, 2
written, 2
italian, 2
poet, 2
page, 2
basement, 2
stairs, 2
dealing, 2
owned, 2
froze, 2
became, 2
joint, 2
roads, 2
man?, 2
dove, 2
sail, 2
sleeps, 2
sea?, 2
cry?, 2
died?, 2
naked, 2
man?”, 2
“is, 2
is?”, 2
points, 2
“it’s, 2
“what’s, 2
hears, 2
“how, 2
facts, 2
respect, 2
check, 2
sword, 2
crosses, 2
heels, 2
throat, 2
thanks, 2
one-eyed, 2
“what, 2
screams, 2
home”, 2
ideas, 2
grin, 2
bricks, 2
national, 2
guard, 2
brains, 2
slave, 2
seat, 2
“good, 2
luck”, 2
guitar, 2
why
, 2
anyhow, 2
rooster, 2
callin’, 2
name
, 2
road
, 2
thee, 2
kinda, 2
wasted, 2
chosen, 2
want
, 2
defend, 2
lightly, 2
melt, 2
who’ll, 2
empire, 2
dreaming, 2
trip, 2
senses, 2
toes, 2
numb, 2
aimed, 2
vague, 2
clown, 2
chasing, 2
rings, 2
ruins, 2
frozen, 2
trees
, 2
beach, 2
circus, 2
toy, 2
bullets, 2
runs, 2
mansion, 2
people’s, 2
flows, 2
thrown, 2
forgive, 2
question, 2
toll, 2
pale, 2
fallen, 2
aches, 2
breaks, 2
blessed, 2
pearls, 2
long-time, 2
curse, 2
hill
, 2
hogs, 2
lying, 2
indian, 2
glasses, 2
spending, 2
time?, 2
spy, 2
ringin’
, 2
ringing, 2
repeat, 2
can’t?, 2
eight, 2
boys
, 2
gas
, 2
stall, 2
barking
, 2
hammer, 2
nails, 2
politician, 2
running, 2
river
, 2
beginnin’, 2
countin’, 2
roof, 2
parting, 2
worried, 2
dressed
, 2
town
, 2
prove, 2
bible, 2
putting, 2
eternity, 2
lake, 2
mistake, 2
spoon, 2
suicide, 2
hollow, 2
warn, 2
temptation’s, 2
flies, 2
pity, 2
ear, 2
reasons, 2
crawl, 2
hatred, 2
mark, 2
preachers, 2
preach, 2
fates, 2
teachers, 2
knowledge, 2
plates, 2
games, 2
con, 2
nerves, 2
principles, 2
platform, 2
ties, 2
bless, 2
sings, 2
shape, 2
cares, 2
fault, 2
judges, 2
push, 2
swears, 2
kick, 2
probably, 2
life
, 2
weeping, 2
lovers, 2
clock, 2
post, 2
office, 2
stolen, 2
mona, 2
wine, 2
rocks, 2
badly, 2
built, 2
holes, 2
showing, 2
ev’ryone, 2
proved, 2
in”, 2
texas, 2
“your, 2
neon, 2
perfectly, 2
twice, 2
risin’
, 2
wig, 2
drownin’, 2
trapped, 2
bird
, 2
preachin’, 2
"somethin", 2
lots, 2
unless, 2
sat, 2
’twas, 2
wished, 2
watched, 2
saxophone, 2
someplace, 2
played, 2
arcade, 2
wakin’, 2
bare, 2
anywhere, 2
pushed, 2
sailors, 2
she’ll, 2
spring
, 2
’round, 2
wherever, 2
roam, 2
loser, 2
doorway, 2
stalled, 2
battle, 2
it’ll, 2
rattle, 2
fathers, 2
rapidly, 2
lend, 2
order, 2
stranded, 2
strangle, 2
we’d, 2
gathered, 2
bear, 2
trunk, 2
terrible, 2
bothers, 2
woods
, 2
require, 2
parents, 2
warned, 2
waste, 2
"thinkin", 2
alicia, 2
keys, 2
tennessee, 2
drum, 2
this
, 2
servant, 2
picking, 2
while
, 2
studying, 2
army
, 2
st., 2
vows, 2
twister, 2
–, 2
confess, 2
forth, 2
snap, 2
fingers, 2
whistle, 2
complain, 2
echo, 2
drawing, 2
too
, 2
wore, 2
travelin’, 2
fair, 2
borderline, 2
rivers, 2
ends, 2
wearing, 2
hangs, 2
often, 2
balances, 2
bottle, 2
orders, 2
instead, 2
loves, 2
traveling, 2
praying, 2
powers, 2
brag, 2
bowl, 2
stem, 2
blinded, 2
colors, 2
saying, 2
fuss, 2
‘til, 2
all-night, 2
wings, 2
disagreeing, 2
yeah, 2
rollin’
, 2
righteous, 2
upright, 2
changes, 2
shift, 2
artist
, 2
peeking, 2
stumbles, 2
egyptian, 2
sparkles, 2
salute, 2
trumpet, 2
protection, 2
shout, 2
throwing, 2
silently, 2
country
, 2
named, 2
master’s, 2
oil, 2
determined, 2
childish, 2
noble, 2
“i’ve, 2
parlor, 2
pants, 2
restless, 2
smiles, 2
maid, 2
romantic, 2
religion, 2
rainbow, 2
robin, 2
phantom, 2
priest, 2
casanova, 2
assured, 2
everyone, 2
machine, 2
strapped, 2
praise, 2
faces, 2
mail, 2
shoot, 2
cloud, 2
been
, 2
middle, 2
graveyard, 2
diamonds, 2
covered, 2
tongues, 2
sharp, 2
swords, 2
hear
, 2
warnin’, 2
hundred, 2
whisperin’, 2
listenin’, 2
meet
, 2
what’ll, 2
a-fallin’, 2
forest, 2
poison, 2
prison, 2
souls, 2
breathe, 2
worry, 2
regret, 2
off
, 2
deep
, 2
mist, 2
decay, 2
recall, 2
shared, 2
idea, 2
stage, 2
drugs, 2
cage, 2
chief, 2
silk, 2
whiskey
, 2
"movin", 2
boulevards, 2
glass, 2
us
, 2
risk, 2
hail, 2
crossed, 2
rides, 2
mount, 2
much
, 2
hilltop, 2
salvation, 2
watery, 2
dyin’, 2
cracked, 2
lips, 2
magnetic, 2
minutes, 2
dream
, 2
worthless, 2
’n, 2
exactly, 2
meaningless, 2
faithful, 2
true
, 2
conclusions, 2
cloak, 2
grudge, 2
trembles, 2
seek, 2
howls, 2
contact, 2
act, 2
scream, 2
embrace, 2
perhaps, 2
unlock, 2
’stead, 2
acting, 2
return, 2
chase, 2
evidently, 2
’er, 2
leavin’, 2
touched, 2
again”, 2
walk
, 2
quiet, 2
judge
, 2
holds, 2
wolf, 2
hearing, 2
thing
, 2
bumpety, 2
bump, 2
american, 2
papa, 2
reading, 2
barn, 2
bull, 2
ownin’, 2
askin’, 2
passin’, 2
stormy, 2
hattie, 2
carroll, 2
baltimore, 2
society, 2
rode, 2
station, 2
tobacco, 2
politics, 2
bail, 2
kitchen, 2
level, 2
doomed, 2
courtroom, 2
strings, 2
hurricane, 2
note, 2
outskirts, 2
quote, 2
sermon, 2
depend, 2
guide, 2
pulse, 2
rumbling, 2
beds, 2
laws, 2
hound, 2
compete, 2
straighten, 2
claim, 2
"theyll", 2
suit, 2
neck, 2
band, 2
vacant, 2
held, 2
painted, 2
maps, 2
forward, 2
instant, 2
deceived, 2
define, 2
terms, 2
laughter, 2
renewed, 2
winter, 2
drifter, 2
“my, 2
aside, 2
“why, 2
outside
, 2
avenue, 2
annie, 2
knot, 2
fortune, 2
york, 2
rotten, 2
scars, 2
belle, 2
starr, 2
amount, 2
crossroads, 2
gaze, 2
awake, 2
core, 2
sleep
, 2
condemned, 2
strut, 2
whiskey, 2
seed, 2
cowboy, 2
candle, 2
tattooed, 2
whisper, 2
sparrow, 2
kingdoms, 2
prince, 2
attempts, 2
ditch, 2
rain
, 2
defy, 2
opposite, 2
cough, 2
useless, 2
johanna
, 2
mule, 2
sayin’
, 2
flowed, 2
steps, 2
fish, 2
remain, 2
flute, 2
fence, 2
horses, 2
hollis, 2
rugged, 2
a-tuggin’, 2
sleeve, 2
rats, 2
flour, 2
mare, 2
louder, 2
spent, 2
wilderness, 2
coyote, 2
holdin’, 2
breezes, 2
a-blowin’, 2
dakota, 2
slept, 2
lifetime, 2
happenin’, 2
beautiful, 2
tooth, 2
spring, 2
narrow, 2
listening, 2
flat, 2
breathin’, 2
myself
, 2
case, 2
offer, 2
raging, 2
heal, 2
shield, 2
flying, 2
wealth, 2
living
, 2
supposed, 2
funny
, 2
spared, 2
ease, 2
summer’s, 2
chill, 2
bitter, 2
footsteps, 2
half, 2
hated, 2
delivered, 2
captain
, 2
follows, 2
salt, 2
tall, 2
son
, 2
captain, 2
medals, 2
out
, 2
old-fashioned, 2
letters, 2
ceased, 2
brace, 2
recognize, 2
lord!, 2
do?, 2
here?, 2
mine”, 2
blew, 2
shock, 2
jack, 2
bride, 2
commander-in-chief, 2
“tell, 2
graves, 2
jungle, 2
thrill, 2
chains, 2
"shes", 2
pocket
, 2
"theyre", 2
created, 2
good
, 2
wintertime, 2
boss, 2
shuffle
, 2
throwin’, 2
sister
, 2
samantha, 2
four, 2
road’s, 2
out—weather, 2
beast, 2
least, 2
mill—i’m, 2
overdrive, 2
settin’, 2
radio, 2
lover-man, 2
comin’—comin’, 2
coward, 2
decorated—he’s, 2
schooled, 2
skilled, 2
spare, 2
rustlin’, 2
wood—things, 2
casting, 2
snake, 2
corner, 2
sets, 2
goodbye, 2
rush, 2
fiery, 2
jokerman
, 2
task, 2
but
, 2
muddy, 2
eating, 2
steep, 2
straight
, 2
affection, 2
outlaw, 2
learned, 2
mysterious, 2
low
, 2
baked, 2
leads, 2
sing
, 2
cure, 2
churches, 2
satisfy, 2
desires, 2
"worlds", 2
grows, 2
strife, 2
gives, 2
vision, 2
stream, 2
earthly, 2
owe, 2
rising, 2
mary-jane, 2
receive, 2
in
, 2
heavenly, 2
drifting, 2
plenty, 2
aunt, 2
love’s, 2
charms, 2
companions, 2
“boy
, 2
ones, 2
sent, 2
extra, 2
lawyer
, 2
tale, 2
duck, 2
maggie, 2
sick
, 2
born
, 2
garden, 2
"sleepin", 2
hog-eyed, 2
loyal, 2
wheels, 2
suffering, 2
symphony, 2
moved, 2
devil’s, 2
geese, 2
flowing, 2
die?, 2
poison
, 2
rome, 2
someday
, 2
babe
, 2
honey, 2
hopes, 2
christmas, 2
influenced, 2
oppression, 2
rule, 2
mislead, 2
ahold, 2
god-fearing, 2
afford, 2
“be, 2
come”, 2
“he, 2
calling
, 2
shining
, 2
ocean
, 2
something
, 2
“lord
, 2
mercy
, 2
bundle, 2
lifted, 2
raised, 2
bye, 2
bye
, 2
paintin’, 2
rumors, 2
angel
, 2
telling, 2
here
”, 1
joker, 1
“there’s, 1
confusion
, 1
relief, 1
businessmen
, 1
wine
, 1
plowmen, 1
dig, 1
worth”, 1
“no, 1
excited
”, 1
thief
, 1
falsely, 1
late”, 1
watchtower
, 1
princes, 1
went
, 1
servants
, 1
wildcat, 1
riders, 1
approaching
, 1
bums, 1
prime
, 1
people’d, 1
call
, 1
“beware, 1
doll
, 1
fall”, 1
kiddin’, 1
scrounging, 1
meal, 1
finest, 1
juiced, 1
taught, 1
compromise, 1
tramp
, 1
realize, 1
alibis, 1
vacuum, 1
deal?, 1
frowns, 1
jugglers, 1
shouldn’t, 1
chrome, 1
diplomat, 1
steeple, 1
drinkin’
, 1
exchanging, 1
ring
, 1
amused, 1
napoleon, 1
language, 1
conceal, 1
abraham
, 1
“kill, 1
son”, 1
“man
, 1
on”, 1
“no.”, 1
“what?”, 1
abe
, 1
run”, 1
killin’, 1
done?”, 1
“out, 1
61”, 1
welfare, 1
mack, 1
red
, 1
shoestrings, 1
telephones, 1
rid, 1
fifth, 1
hmm, 1
seventh, 1
rovin’, 1
gambler, 1
promoter, 1
engaged, 1
bleachers, 1
layin’, 1
wond’rin’, 1
homemade, 1
papa’s, 1
bankbook, 1
dues, 1
divorced, 1
jam
, 1
drove, 1
agreeing, 1
avenue”, 1
job, 1
woods, 1
cook, 1
ax, 1
drifted, 1
employed, 1
fishin’, 1
delacroix, 1
topless, 1
beer, 1
spotlight, 1
thinned, 1
i’s, 1
chair, 1
name?”, 1
muttered, 1
studied, 1
uneasy, 1
laces, 1
burner, 1
stove, 1
pipe, 1
hello
”, 1
type”, 1
poems, 1
thirteenth, 1
century, 1
rang, 1
glowed, 1
coal, 1
montague, 1
cafés, 1
revolution, 1
withdrawn, 1
keepin’, 1
flew, 1
illusion, 1
mathematicians, 1
carpenters’, 1
wives, 1
headin’, 1
sand?, 1
cannonballs, 1
banned?, 1
allowed, 1
free?, 1
sky?, 1
deaths, 1
pencil, 1
“who, 1
ask
, 1
his”, 1
mine?”, 1
alone?”, 1
geek, 1
immediately, 1
freak?”, 1
“impossible”, 1
contacts, 1
lumberjacks, 1
attacks, 1
imagination, 1
tax-deductible, 1
charity, 1
organizations, 1
professors, 1
lawyers, 1
discussed, 1
lepers, 1
crooks, 1
f., 1
scott, 1
fitzgerald’s, 1
swallower
, 1
kneels, 1
clicks, 1
notice, 1
“here, 1
loan”, 1
midget, 1
“now”, 1
“for, 1
reason?”, 1
“how?”, 1
mean?”, 1
cow, 1
camel, 1
pocket, 1
earphones, 1
fold, 1
scrub, 1
nickel, 1
havin’, 1
fines, 1
slam, 1
cigar, 1
bedroom, 1
servants, 1
sixty-eight
, 1
a-like, 1
’long, 1
breakfast, 1
buck, 1
what
, 1
matter
, 1
crows, 1
trav’lin’, 1
knowed, 1
a-thinkin’, 1
a-wond’rin’, 1
bound
, 1
goodbye’s, 1
word
, 1
fare, 1
sayin’, 1
treated, 1
unkind, 1
’way, 1
whether, 1
ledge
, 1
"lookin", 1
constantly, 1
evenin’s, 1
vanished, 1
blindly, 1
weariness, 1
amazes, 1
branded, 1
street’s, 1
magic, 1
swirlin’, 1
stripped
, 1
grip, 1
boot, 1
wanderin’, 1
anywhere
, 1
parade
, 1
laughin’
, 1
spinnin’
, 1
swingin’, 1
madly, 1
anyone
, 1
escapin’, 1
fences, 1
facin’, 1
traces, 1
skippin’, 1
reels, 1
ragged, 1
disappearin’, 1
foggy, 1
haunted
, 1
frightened, 1
windy, 1
waving, 1
silhouetted, 1
sea
, 1
circled, 1
sands, 1
driven, 1
waves, 1
planes, 1
bombs, 1
desks, 1
masks, 1
farther, 1
judas, 1
deceive, 1
fasten, 1
triggers, 1
count, 1
bodies, 1
worst, 1
hurled, 1
threatening, 1
unborn, 1
unnamed, 1
veins, 1
unlearned, 1
forgiveness, 1
death’ll, 1
casket, 1
afternoon, 1
lowered, 1
deathbed, 1
o’er, 1
lately, 1
ribbons, 1
bows, 1
curls, 1
mary
, 1
fog
, 1
amphetamine, 1
raining, 1
thirst, 1
that—, 1
introduced, 1
ache, 1
long-haired, 1
royal, 1
ready—lift, 1
proposing, 1
toast, 1
flats, 1
cadillac, 1
worn-out, 1
star”, 1
loaded, 1
fog’s, 1
fog, 1
anyway
, 1
businessman?, 1
past.”, 1
mean
, 1
can.”, 1
from?, 1
go?, 1
carburetors
, 1
carburetors, 1
motor’s, 1
information, 1
jogging, 1
office
, 1
suckin’, 1
genius, 1
generosity, 1
eyes—you, 1
teasing, 1
in—set, 1
gift, 1
lap, 1
drinking, 1
champagne, 1
skin
, 1
assassin’s, 1
sapphire-tinted, 1
gallows, 1
noose, 1
hollywood, 1
lessons
, 1
jitterbug, 1
shortcuts
, 1
bridge
, 1
gentlemen
, 1
explode, 1
losing, 1
wheelbarrow, 1
wheeling, 1
easy
, 1
sixty, 1
seconds, 1
adds, 1
appeal, 1
jinx, 1
lucy
, 1
jumped, 1
eager, 1
noon, 1
handmade, 1
blade
, 1
child’s, 1
balloon, 1
eclipses, 1
threats
, 1
remarks, 1
fool’s, 1
mouthpiece, 1
words
, 1
proves, 1
follow
, 1
waterfalls, 1
moan, 1
unlike, 1
sighing, 1
victory
, 1
downfall, 1
private, 1
hate, 1
disillusioned, 1
gods, 1
aim, 1
flesh-colored, 1
christs, 1
waits, 1
hundred-dollar, 1
goodness, 1
hides, 1
united, 1
states, 1
lodged, 1
dodge, 1
advertising, 1
signs, 1
meantime, 1
yourself
, 1
reappear, 1
trembling, 1
voice
, 1
unclear, 1
startles, 1
thinks, 1
satisfy
, 1
insure, 1
although, 1
obey, 1
degree, 1
despise, 1
jobs
, 1
destinies, 1
jealously, 1
cultivate, 1
invest, 1
baptized, 1
strict, 1
party, 1
social, 1
clubs, 1
disguise, 1
outsiders, 1
freely, 1
idolize, 1
gargles, 1
rat, 1
society’s, 1
pliers, 1
harm, 1
vault, 1
pairs, 1
limited, 1
sex
, 1
morals
, 1
insult, 1
talk
, 1
obscenity
, 1
propaganda
, 1
killer’s, 1
pride
, 1
security, 1
minds, 1
bitterly, 1
death’s, 1
honesty, 1
naturally, 1
collide, 1
head-on, 1
stuffed, 1
graveyards
, 1
gods
, 1
scuff, 1
pettiness, 1
upside-down, 1
handcuffs, 1
okay
, 1
enough
, 1
thought-dreams, 1
guillotine, 1
walking
, 1
tired
, 1
wired, 1
lie?, 1
someone’s, 1
child;, 1
destroyed, 1
meadow, 1
silhouettes, 1
tick, 1
plowed, 1
true?, 1
ragman, 1
draws, 1
circles, 1
furnish, 1
tape, 1
shakespeare
, 1
speaking, 1
french, 1
message, 1
talked, 1
mailbox, 1
smoked, 1
eyelids, 1
punched, 1
cigarette”, 1
grandpa, 1
week, 1
shocked, 1
expected, 1
happen, 1
main, 1
senator, 1
handing, 1
tickets, 1
busted, 1
discovered, 1
baffled, 1
pounds, 1
headlines, 1
stapled, 1
chest, 1
whispered
, 1
“not, 1
satisfied”, 1
rainman, 1
cures, 1
“jump, 1
gin, 1
mixed, 1
strangled, 1
uglier, 1
ruthie, 1
honky-tonk, 1
lagoon, 1
waltz, 1
panamanian, 1
“aw, 1
debutante”, 1
debutante, 1
want”, 1
grand, 1
madmen, 1
timed, 1
patiently, 1
risin’—risin’, 1
"bein", 1
turner, 1
kansas, 1
vine, 1
shacks, 1
slidin’, 1
possessions—folks, 1
bertha, 1
mason, 1
it—broke, 1
hung, 1
dancin’, 1
all”, 1
cravin’, 1
hopped-up, 1
mustang, 1
ford, 1
wagon
, 1
panties, 1
board, 1
poems
, 1
pig, 1
breakin’, 1
inches, 1
’bove, 1
coffins, 1
balloons, 1
vicksburg
, 1
"goin", 1
me
”, 1
“can’t, 1
too?”, 1
george, 1
lewis, 1
englishman
, 1
jew, 1
conceivable, 1
view”, 1
charles, 1
darwin, 1
sheriff
, 1
one
, 1
care”, 1
cuckoo, 1
warbles, 1
nancy, 1
eat
, 1
“take, 1
shelf—, 1
greater, 1
yourself”, 1
morning—i, 1
broom, 1
givin’, 1
clarkesdale
, 1
park, 1
tingle, 1
canal, 1
confused
, 1
freight, 1
beat-up, 1
coin, 1
woke, 1
relate, 1
ticking, 1
clocks, 1
parrot, 1
hunts, 1
waterfront, 1
docks, 1
twin
, 1
accept, 1
drenched, 1
savin’, 1
swimmin’, 1
sink, 1
writers, 1
critics, 1
prophesize, 1
namin’, 1
senators
, 1
congressmen, 1
ragin’, 1
throughout, 1
command, 1
agin’, 1
drawn, 1
present, 1
fadin’, 1
creeps, 1
avoidin’, 1
southside, 1
got
, 1
ashore, 1
fought—i, 1
twins, 1
wait—they’re, 1
there—i’d, 1
teddy, 1
tossin’, 1
baseball, 1
bat, 1
meat, 1
crashin’, 1
car
, 1
boards, 1
nice, 1
reduced, 1
pacific, 1
nine, 1
forty-five, 1
believin’, 1
stark, 1
naked
, 1
huntin’, 1
imperial, 1
circumstances, 1
you—didn’t, 1
oozing, 1
fires, 1
ruckus, 1
"todays", 1
trombone, 1
keys
, 1
"couldnt", 1
"hells", 1
kitchen
, 1
wondering, 1
expand, 1
sort, 1
"writings", 1
wall
, 1
guide
, 1
pistols, 1
"poppin", 1
"shinin", 1
art, 1
glove, 1
"whats", 1
"wouldnt", 1
betray, 1
bitches, 1
recruit, 1
army, 1
orphanages, 1
"hermans", 1
religious, 1
sucked, 1
cows, 1
porkchops
, 1
greed
, 1
schemes, 1
damn, 1
bearing, 1
washington, 1
scrambling, 1
happen
, 1
airplane, 1
"everybodys", 1
confessed, 1
money
, 1
plant, 1
harvest, 1
"hammers", 1
"pitchforks", 1
stake, 1
complaining, 1
not?, 1
jade, 1
knocking, 1
boll, 1
weevil, 1
stroke, 1
relieve, 1
charm, 1
score, 1
furthermore, 1
fancy
, 1
gain, 1
"pleasures", 1
decide, 1
need
, 1
keep
, 1
yonder, 1
orphan, 1
saints, 1
gamblers
, 1
coincidence, 1
empty-handed, 1
painter, 1
patterns, 1
sheets, 1
sky
, 1
folding, 1
seasick, 1
sailors
, 1
rowing, 1
reindeer, 1
armies
, 1
blankets, 1
carpet
, 1
stones, 1
behind
, 1
left
, 1
vagabond, 1
rapping, 1
match
, 1
anew, 1
snowflakes, 1
howlin’, 1
rolls, 1
breast., 1
best., 1
a-wonderin’, 1
remembers, 1
brightness, 1
sometime?, 1
expensive, 1
mattress, 1
sometime, 1
belt, 1
wrapped, 1
health
, 1
disobeyed, 1
cheatin’, 1
boyfriend, 1
garage, 1
sources, 1
trampling, 1
sweating, 1
begs, 1
"doesnt", 1
happier, 1
laying, 1
blossom, 1
ghost?, 1
belongs, 1
bind, 1
familiar, 1
shrine, 1
choice, 1
brawl, 1
numbed, 1
unfair, 1
prime, 1
"whoppin", 1
daylight, 1
sneakin’, 1
café, 1
fro, 1
trucks, 1
chimney, 1
tops, 1
contentedly, 1
everything
, 1
wishes, 1
rung, 1
surrounding, 1
courageous, 1
joyful, 1
sung, 1
daytime, 1
keyhole, 1
nobody’s, 1
hypnotist, 1
collector, 1
antique, 1
halloween, 1
christmas
, 1
replaced, 1
reflection, 1
framed, 1
knives, 1
bags, 1
noses, 1
grindstones, 1
nod, 1
trustin’, 1
retire, 1
desire, 1
pecan, 1
voyage, 1
“his, 1
calling, 1
stately, 1
presence, 1
obnoxious, 1
woman’s, 1
pane, 1
pot
, 1
boil, 1
dripping, 1
garlic, 1
olive, 1
dee—he’s, 1
“throw, 1
somethin’
, 1
mister
, 1
please”, 1
parade, 1
permit, 1
escort, 1
hay, 1
brick-and-tile, 1
deathless, 1
wearin’, 1
multi-thousand, 1
gown, 1
lowdown
, 1
dum
, 1
stab, 1
company
”, 1
postcards, 1
painting, 1
passports, 1
commissioner, 1
trance, 1
tight-rope, 1
walker, 1
riot, 1
squad, 1
cinderella
, 1
“it, 1
one
”, 1
bette, 1
davis, 1
moaning, 1
believe”, 1
leave”, 1
ambulances, 1
cinderella, 1
sweeping, 1
fortune-telling, 1
cain, 1
abel, 1
hunchback, 1
notre, 1
dame, 1
samaritan
, 1
dressing, 1
carnival, 1
ophelia
, 1
twenty-second, 1
vest, 1
profession’s, 1
lifelessness, 1
fixed, 1
noah’s, 1
spends, 1
einstein
, 1
disguised, 1
hood, 1
jealous, 1
monk, 1
immaculately, 1
frightful, 1
bummed, 1
cigarette, 1
sniffing, 1
drainpipes, 1
reciting, 1
alphabet, 1
famous, 1
electric, 1
violin, 1
dr., 1
filth
, 1
sexless, 1
patients, 1
nurse
, 1
local, 1
charge, 1
cyanide, 1
also, 1
cards, 1
“have, 1
soul”, 1
pennywhistles, 1
lean, 1
nailed, 1
curtains, 1
feast, 1
opera, 1
perfect, 1
image, 1
spoonfeeding, 1
self-confidence, 1
poisoning, 1
phantom’s, 1
skinny, 1
“get, 1
outa, 1
punished, 1
row”, 1
agents, 1
superhuman, 1
crew, 1
factory, 1
heart-attack, 1
kerosene, 1
castles, 1
insurance, 1
escaping, 1
nero’s, 1
neptune, 1
titanic, 1
everybody’s, 1
“which, 1
on?”, 1
ezra, 1
pound, 1
t., 1
s., 1
eliot, 1
captain’s, 1
tower, 1
calypso, 1
singers, 1
fishermen, 1
lovely, 1
mermaids, 1
received, 1
(about, 1
doorknob, 1
broke), 1
joke?, 1
mention, 1
rearrange, 1
letters
, 1
dark
, 1
stumbled, 1
twelve, 1
misty, 1
crawled, 1
crooked, 1
highways, 1
forests, 1
dozen, 1
oceans, 1
wolves, 1
branch, 1
drippin’, 1
hammers, 1
talkers, 1
thunder
, 1
roared, 1
wave, 1
drown, 1
drummers, 1
a-blazin’, 1
starve
, 1
laughin’, 1
gutter, 1
pony, 1
a-goin’, 1
depths, 1
pellets, 1
flooding, 1
meets, 1
damp, 1
executioner’s, 1
ugly
, 1
color
, 1
number, 1
reflect, 1
sinkin’, 1
mockingbird’s, 1
big
, 1
like
, 1
sadder, 1
universe, 1
swallowed, 1
people
, 1
mine
, 1
rocky, 1
hillside’s, 1
chicago, 1
shreds, 1
fat’s, 1
water’s, 1
tank, 1
whiskey’s, 1
jar, 1
money’s, 1
cared, 1
bended, 1
ambassador, 1
england, 1
france, 1
gamble
, 1
heavyweight, 1
champion, 1
socialite, 1
addict, 1
prancing, 1
command
, 1
businessman, 1
high-degree, 1
state, 1
trooper
, 1
turk, 1
tv, 1
network, 1
poor
, 1
construction, 1
worker, 1
dome, 1
tanks, 1
landlord
, 1
banks, 1
councilman, 1
bribes, 1
barbershop
, 1
mistress
, 1
heir, 1
cotton
, 1
caviar
, 1
floor
, 1
king-sized, 1
terry
, 1
timmy, 1
bobby
, 1
zimmy, 1
r.j.
, 1
ray, 1
cake, 1
throne, 1
cars, 1
"well", 1
"lovin", 1
harbor, 1
spread, 1
lifetime
, 1
toil, 1
blackness, 1
virtue, 1
wilderness
, 1
creature, 1
void, 1
form, 1
steel-eyed, 1
death
, 1
involved, 1
unresolved, 1
imagining, 1
safe, 1
exhaustion
, 1
poisoned, 1
bushes, 1
hunted, 1
crocodile
, 1
ravaged, 1
corn, 1
bracelets, 1
wrists, 1
gracefully, 1
thorns, 1
granted
, 1
signals, 1
long-forgotten, 1
morn, 1
deputy, 1
matters, 1
doom, 1
counts, 1
undertaker
, 1
futile, 1
wailin’, 1
mournin’, 1
teeth, 1
question
, 1
hopeless, 1
forlorn?, 1
village
, 1
gambled, 1
bargained, 1
lethal, 1
dose, 1
repaid, 1
razor’s, 1
edge
, 1
ramona, 1
pangs, 1
sadness, 1
breathlike, 1
deathlike, 1
movements, 1
capture, 1
grieves, 1
vacuum
, 1
scheme
, 1
sucks, 1
fed, 1
foam, 1
stayin’, 1
returnin’, 1
fooled, 1
finishin’, 1
defeat, 1
’cept, 1
fixtures, 1
forces, 1
hype, 1
type, 1
passes, 1
knows
, 1
cryin’, 1
ideals, 1
ice
, 1
laughs, 1
valentines, 1
stores, 1
bus, 1
stations, 1
situations, 1
books
, 1
quotations, 1
draw, 1
failure, 1
failure’s, 1
dagger, 1
dangles, 1
madams, 1
candles, 1
ceremonies, 1
horsemen, 1
statues, 1
matchsticks, 1
crumble, 1
winks
, 1
argue, 1
rambles, 1
bankers’, 1
nieces, 1
perfection, 1
rainy, 1
raven, 1
wing, 1
grinning, 1
helping, 1
winning, 1
tries, 1
surprised, 1
you?”, 1
paralyzed, 1
heartbreaks, 1
master, 1
rob, 1
dissatisfied, 1
position, 1
problem, 1
facing, 1
kissed, 1
mornin’s, 1
myth, 1
darkness
, 1
dreams’re, 1
deserted, 1
dreamin’, 1
yet?, 1
face?, 1
swirling, 1
whirling, 1
whispering, 1
gladly, 1
might’ve, 1
skirt, 1
swayed, 1
wet, 1
forget?”, 1
met!”, 1
lord?, 1
peter
, 1
“peter
, 1
sword”?, 1
nicodemus, 1
“master
, 1
“pick, 1
criticize?, 1
do
, 1
likewise”, 1
multitude, 1
king
, 1
instead?, 1
earth”, 1
worth?, 1
disturb, 1
shakin’, 1
achin’, 1
ev’rywhere, 1
stilts, 1
stories, 1
kisses, 1
bushy, 1
dragging, 1
a-stickin’, 1
world’s, 1
slaughtered, 1
sally, 1
news, 1
hair’s, 1
drinks, 1
goodnight
, 1
landing?, 1
unspoiled, 1
madrid, 1
barcelona, 1
wishin’, 1
can
, 1
a-sailin’, 1
depends, 1
a-feelin’, 1
that-a-way, 1
roamin’, 1
heed
, 1
western, 1
twirled, 1
gath’rin’, 1
weapon, 1
custody, 1
booked, 1
first-degree, 1
murder, 1
zanzinger
, 1
owns, 1
acres, 1
wealthy, 1
provide, 1
relations, 1
maryland, 1
reacted, 1
deed, 1
shrug, 1
sneering
, 1
snarling, 1
fifty-one, 1
dishes, 1
garbage, 1
cleaned, 1
ashtrays, 1
blow
, 1
slain, 1
honor
, 1
pounded, 1
gavel, 1
all’s, 1
equal, 1
courts, 1
persuaded, 1
nobles, 1
properly, 1
handled, 1
chased, 1
stared, 1
cloak
, 1
distinguished, 1
strongly
, 1
penalty, 1
repentance, 1
six-month, 1
sentence, 1
bury, 1
now’s, 1
crickets, 1
chirpin’
, 1
cotton, 1
open
, 1
african, 1
backwards, 1
goodbye
, 1
dance
, 1
mask, 1
talkin’
, 1
vile, 1
depraved, 1
satisfied, 1
swallow
, 1
mistakes, 1
float, 1
water
, 1
june, 1
trunks, 1
uprooted
, 1
"neath", 1
crescent, 1
vibration, 1
lines
, 1
threads
, 1
springs, 1
idols
, 1
jiving, 1
joking, 1
bottles
, 1
switches
, 1
dishes
, 1
parts, 1
spoken, 1
cutters
, 1
saws, 1
buckles
, 1
bodies
, 1
phones, 1
breath
, 1
"chokin", 1
pieces, 1
ploughs, 1
treaties
, 1
pipes
, 1
tools, 1
bending, 1
howling
, 1
bullfrog, 1
croaking, 1
"evenin", 1
haze, 1
"settlin", 1
starlight, 1
creek, 1
"buyin", 1
"proletariats", 1
"moneys", 1
shallow, 1
trod, 1
wages, 1
abroad, 1
weapons, 1
dearer, 1
"listenin", 1
rails, 1
hum, 1
creeping, 1
gut, 1
"sailin", 1
haul, 1
tossed, 1
enemies, 1
feed, 1
ringed, 1
countless, 1
foes, 1
dumb, 1
"lovers", 1
temporary, 1
barn
, 1
stole, 1
careful
, 1
forced, 1
continual, 1
sinking, 1
fret, 1
clung, 1
peaceful, 1
slash, 1
cheerful, 1
rice, 1
beans, 1
worked, 1
headin’?, 1
lincoln, 1
armageddon?, 1
hidin’?, 1
ridin’?, 1
glued, 1
door?, 1
comfort, 1
upper, 1
deck, 1
"hangin", 1
marchin’, 1
“forget, 1
not”, 1
wagon, 1
dragon, 1
suspense, 1
stripped, 1
kneeled, 1
trainload, 1
bogged, 1
flag, 1
flashing, 1
“son
, 1
more
, 1
thing”, 1
minute
, 1
are
, 1
señor, 1
let’s, 1
disconnect, 1
cables, 1
overturn, 1
tables, 1
crimson, 1
flames, 1
traps, 1
pounced, 1
flaming, 1
edges
, 1
soon
”, 1
heated, 1
brow, 1
half-wracked, 1
prejudice, 1
leaped, 1
“rip, 1
hate
”, 1
screamed, 1
skull., 1
dreamed, 1
musketeers, 1
foundationed, 1
girls’, 1
formed, 1
jealousy, 1
memorizing, 1
history, 1
flung, 1
corpse, 1
evangelists, 1
unthought, 1
of
, 1
self-ordained, 1
professor’s, 1
serious, 1
spouted, 1
liberty, 1
equality, 1
“equality
”, 1
vow, 1
soldier’s, 1
stance
, 1
mongrel, 1
fearing, 1
become, 1
pathway, 1
led, 1
confusion, 1
boats, 1
mutiny, 1
stern, 1
abstract, 1
threats, 1
neglect, 1
clear
, 1
doubt
, 1
they
, 1
drive, 1
nearing, 1
disappearing, 1
drift, 1
outnumbered, 1
plans, 1
pursue, 1
driving, 1
sustain, 1
weakness”, 1
pleasant, 1
wrong”, 1
robe, 1
understand
”, 1
try?”, 1
stirring, 1
inside
, 1
jury, 1
jury”, 1
attendant, 1
nurse, 1
worse”, 1
bolt, 1
lightning, 1
struck, 1
courthouse, 1
knelt, 1
juarez, 1
eastertime, 1
gravity, 1
fails, 1
negativity, 1
airs, 1
rue, 1
morgue, 1
outta, 1
saint, 1
melinda, 1
peasants, 1
goddess, 1
gloom, 1
english, 1
invites, 1
careful, 1
howling, 1
housing, 1
project, 1
silly, 1
authorities, 1
boast, 1
blackmailed, 1
sergeant-at-arms, 1
arrived, 1
burgundy, 1
harder, 1
game, 1
chances?, 1
unfortunate, 1
circumstances?, 1
thankful, 1
grateful, 1
irritable, 1
bag, 1
mast, 1
visible, 1
oakley, 1
reasonable, 1
troubles
, 1
away
, 1
thunderin’, 1
been?, 1
foolish, 1
barkin’, 1
a-gettin’, 1
dogs’ll, 1
shatter, 1
sounds, 1
doorstep, 1
sidewalk, 1
sign, 1
a-sayin’, 1
good., 1
detail, 1
laughed, 1
content, 1
closed, 1
forevermore, 1
quicker, 1
hair?, 1
piney, 1
wood, 1
arrow, 1
doorpost, 1
“this, 1
jerusalem”, 1
traveled, 1
martyrs, 1
hoot, 1
owl, 1
singing, 1
tents, 1
audience, 1
charcoal, 1
maidens, 1
feathers, 1
plantations, 1
cracking, 1
whips, 1
magnolia, 1
blooming, 1
ghosts, 1
slavery, 1
tribes, 1
a-moaning, 1
undertaker’s, 1
handsome, 1
squire, 1
bootlegged, 1
gang, 1
rebels, 1
yell, 1
greed, 1
corruptible, 1
gazing, 1
james, 1
twists, 1
curfew, 1
gull, 1
glides, 1
four-legged, 1
waxed, 1
lamppost, 1
folded, 1
claws, 1
attached, 1
curbs, 1
wail, 1
crashing, 1
savage, 1
complains, 1
shoeless, 1
hunter, 1
remains, 1
bay, 1
time-rusted, 1
compass, 1
aladdin, 1
utopian, 1
hermit, 1
monks, 1
sidesaddle, 1
calf, 1
relationships, 1
ownership, 1
accordingly, 1
succeeding, 1
harmonize, 1
songs, 1
motorcycle, 1
madonna, 1
two-wheeled, 1
silver-studded, 1
cause, 1
gray, 1
flannel, 1
dwarf, 1
weeps, 1
prey, 1
crumb, 1
experience, 1
rot, 1
paupers, 1
possessions, 1
wishing, 1
discuss, 1
sun
, 1
squints, 1
strangers, 1
resign, 1
wholly
, 1
totally, 1
trials, 1
tells, 1
shovel, 1
glimpse, 1
truths, 1
quiet?, 1
stranded
, 1
deny, 1
handful, 1
temptin’, 1
flicker, 1
loft, 1
pipes, 1
entwined, 1
conquer, 1
blindman’s, 1
escapades, 1
“d”, 1
watchman, 1
click, 1
flashlight, 1
louise
, 1
delicate, 1
concise, 1
johanna’s, 1
’lectricity, 1
lost
, 1
seriously, 1
brags, 1
misery
, 1
likes, 1
dangerously, 1
bringing, 1
farewell, 1
gall, 1
muttering, 1
explain?, 1
museums
, 1
infinity, 1
lisa, 1
musta, 1
primitive, 1
wallflower, 1
jelly-faced, 1
sneeze, 1
mustache, 1
“jeeze, 1
knees”, 1
binoculars, 1
peddler, 1
countess, 1
“name, 1
parasite, 1
him”, 1
“ya, 1
she
, 1
herself
, 1
prepares, 1
madonna
, 1
corrode, 1
cape, 1
fiddler
, 1
writes, 1
ev’rything’s, 1
owed, 1
loads, 1
explodes, 1
harmonicas, 1
skeleton, 1
guilty, 1
undertaker, 1
sighs, 1
organ, 1
grinder, 1
cries, 1
saxophones, 1
washed-out, 1
drunken, 1
leaps, 1
saviors, 1
asleep
, 1
interrupt, 1
drinkin’, 1
fathers
, 1
spades, 1
chambermaid, 1
chinese, 1
cute, 1
lied, 1
conversation, 1
swept, 1
off-a, 1
horizon
, 1
expense, 1
jet, 1
plane
, 1
moves, 1
change
, 1
swear
, 1
simple
, 1
phrase, 1
learnin’, 1
extreme, 1
changing, 1
midstream?, 1
stops, 1
corkscrew, 1
cares?, 1
yuh, 1
a-got, 1
wife’s, 1
stabbin’, 1
lone, 1
shells, 1
shots, 1
ocean’s, 1
sleeps
, 1
faithfully, 1
wed, 1
psalms, 1
moonlit, 1
streams, 1
besides
, 1
wakes, 1
’specially, 1
untrodden, 1
once
, 1
worthy
, 1
divide, 1
justice’s, 1
smoking, 1
sleepin’, 1
noontime
, 1
pushin’, 1
lanes
, 1
stumble, 1
speakin’, 1
mouth
, 1
everyone
, 1
color, 1
cov’rin’, 1
trouble
, 1
upset, 1
pleadin’, 1
forget”, 1
bowed, 1
bent
, 1
hazy, 1
“yes”, 1
“no”, 1
pretendin’, 1
mornin’
, 1
curious, 1
appear, 1
haven’t, 1
hungry
, 1
crawling, 1
exploding, 1
body’s, 1
tense, 1
pinned, 1
astray, 1
junk, 1
piling, 1
sweat, 1
staring, 1
talking
, 1
dixie, 1
treason, 1
season, 1
fragile, 1
scissors, 1
terrifying, 1
unfold, 1
bold, 1
purpose, 1
circumstance, 1
candlelight, 1
wait
, 1
late
, 1
recover, 1
loveliness, 1
reeling, 1
loving, 1
breathing, 1
grey
, 1
anymore
, 1
disintegrate, 1
begun, 1
strolling, 1
confession
, 1
pool, 1
reaching, 1
toiling, 1
danger, 1
morals, 1
despair, 1
inclination, 1
cain
, 1
behold, 1
events, 1
fury, 1
leaf, 1
trembles
, 1
indulgence, 1
weeds, 1
yesteryear, 1
criminals
, 1
choked, 1
cheer, 1
idleness, 1
angry, 1
flame, 1
onward, 1
journey, 1
numbered, 1
riches, 1
wintry, 1
loneliness, 1
fading, 1
motion, 1
balance, 1
falling
, 1
gate
, 1
traffic, 1
obviously, 1
then
, 1
fortunately, 1
fin’lly, 1
penitentiary, 1
law
, 1
agree, 1
riverboat, 1
else
, 1
fever, 1
persian, 1
drunkard
, 1
jail, 1
address, 1
balcony, 1
wond’ring, 1
marie, 1
levee
, 1
"waters", 1
overflow, 1
"swamps", 1
"boats", 1
williams, 1
"an", 1
levee, 1
and
, 1
refused, 1
"tides", 1
"risin", 1
meanest, 1
"anybodys", 1
shore, 1
him!, 1
fine
, 1
john’s, 1
neighborhood,, 1
know”, 1
neighbors, 1
bragged, 1
war!, 1
“go, 1
son’s, 1
a-coming, 1
war”, 1
smiled, 1
passed
, 1
whispered, 1
face!, 1
way?”, 1
remember
, 1
battleground
, 1
shoes”, 1
a-tryin’, 1
scared, 1
mine!, 1
“and, 1
think
, 1
stink, 1
puppet, 1
smoke
, 1
cannonball, 1
away”, 1
endorse, 1
reincarnation, 1
paul, 1
revere’s, 1
nervous, 1
wits, 1
jezebel, 1
nun, 1
violently, 1
knits, 1
bald, 1
ripper, 1
chamber, 1
commerce, 1
hysterical, 1
penny, 1
screaming, 1
moans
, 1
made”, 1
pulls, 1
shuffles, 1
swagger, 1
“stop, 1
weeping
, 1
swallow, 1
poison”, 1
baptist, 1
torturing, 1
hero, 1
hero
, 1
in?”, 1
answers, 1
“death, 1
whimper, 1
cry”, 1
dropping, 1
barbell, 1
sun’s, 1
chicken”, 1
philistines, 1
soldiers, 1
jawbones, 1
tombstones, 1
flatters, 1
pied, 1
pipers, 1
fattens, 1
davey, 1
blowtorch, 1
camps, 1
pedro, 1
tramps, 1
fantastic, 1
collection, 1
stamps, 1
influence, 1
uncle, 1
geometry, 1
causes, 1
galileo’s, 1
math, 1
delilah, 1
worthlessly, 1
cheeks, 1
bill, 1
pillars, 1
cecil, 1
b., 1
demille, 1
happily, 1
rainey, 1
beethoven, 1
unwrapped, 1
bedroll, 1
tuba, 1
players, 1
rehearse, 1
flagpole, 1
profit, 1
sells, 1
college, 1
melody, 1
cease, 1
pointless, 1
"comin", 1
street
, 1
rise
, 1
holler, 1
highway
, 1
saturday, 1
special
, 1
door
, 1
nice
, 1
dice, 1
"havent", 1
fill, 1
chastised
, 1
rejected, 1
nations, 1
angry
, 1
ways, 1
devices, 1
battle’s, 1
mailtrain
, 1
leanin’, 1
windowsill, 1
trees?, 1
brakeman, 1
flagging, 1
“double, 1
e?”, 1
frost, 1
lover
, 1
yeah
, 1
darlin’, 1
hardest, 1
dial, 1
gentleman, 1
all—he’s, 1
steals, 1
sentimental—don’t, 1
pals, 1
whisperin’
, 1
somethin’—i, 1
something’s, 1
defeated—i’m, 1
defeated
, 1
conquered, 1
tame, 1
help
, 1
sweetheart, 1
idol, 1
glowing, 1
sailing, 1
fists, 1
freedom, 1
swiftly, 1
angels, 1
tread, 1
futures
, 1
dread
, 1
shedding, 1
layer, 1
persecutor, 1
mountains
, 1
manipulator, 1
crowds
, 1
sodom, 1
gomorrah, 1
marry, 1
martyr
, 1
furnace
, 1
leviticus, 1
deuteronomy, 1
twilight, 1
milk-white, 1
steed, 1
michelangelo, 1
could’ve, 1
carved, 1
features, 1
resting, 1
fields
, 1
turbulent, 1
licking, 1
rifleman’s, 1
stalking, 1
preacherman, 1
seeks, 1
same
, 1
uncertain, 1
nightsticks, 1
cannons
, 1
padlocks, 1
molotov, 1
cocktails, 1
curtain, 1
false-hearted, 1
webs, 1
steppin’, 1
shadowy, 1
slippery, 1
grey, 1
scarlet, 1
motherless, 1
harlot, 1
response, 1
compensation
, 1
wonderful, 1
a-reeling, 1
bein’, 1
paws, 1
bear”, 1
chewing, 1
cow”, 1
snort, 1
bull”, 1
curly, 1
pig”, 1
wool, 1
hooves, 1
mountainside, 1
sheep”, 1
slithering, 1
disappear, 1
humanity, 1
writing, 1
london, 1
gay, 1
paree, 1
anyone’s, 1
burden, 1
moving
, 1
murmur, 1
pillow, 1
gratitude, 1
loyalty, 1
daddy, 1
wanderer, 1
trade, 1
choose, 1
oversees, 1
intrude, 1
plate, 1
pleasure, 1
limits, 1
meadowlark, 1
dreams
, 1
counterfeit, 1
philosophies, 1
polluted, 1
karl, 1
marx, 1
throat
, 1
henry, 1
kissinger’s, 1
knots, 1
innocent, 1
jail
, 1
asylums, 1
unrighteous, 1
doctors, 1
that’ll, 1
ills, 1
seduce, 1
seduced, 1
adulterers, 1
pornography, 1
schools, 1
gangsters, 1
lawbreakers, 1
advisors, 1
gurus, 1
inner, 1
approved, 1
requires?, 1
errand, 1
wandering, 1
sold, 1
“time, 1
money
”, 1
crucified, 1
wisdom, 1
bewildering, 1
brain
, 1
toils, 1
pathways, 1
drink
, 1
stray, 1
haunted, 1
thorny, 1
shines, 1
scarcely, 1
"were", 1
frailer, 1
flowers
, 1
tightly, 1
picked, 1
poked, 1
winding, 1
deafening, 1
noise
, 1
transient, 1
joys, 1
domain
, 1
disappointment, 1
"sayin", 1
hotter, 1
wading, 1
dimmer, 1
haunt, 1
missouri, 1
seal, 1
platforms, 1
a-beatin’, 1
pendulums, 1
swinging, 1
longing, 1
right”, 1
buggy, 1
relive, 1
gamblers, 1
ramblers, 1
difficult, 1
stationmaster
, 1
"somethings", 1
wack, 1
greasy, 1
travel, 1
strive, 1
harm
, 1
oldest, 1
pile, 1
research, 1
berserk, 1
paperwork, 1
"alberts", 1
graveyard
, 1
"frankies", 1
raising, 1
scriptures, 1
demagogues, 1
glue, 1
"look, 1
daddy
, 1
pants., 1
wrecked, 1
dance.", 1
ya
, 1
cooking, 1
single, 1
bite, 1
please
, 1
temperature, 1
grips, 1
business, 1
steady, 1
dimmed, 1
sights, 1
"way", 1
proven, 1
"lovin
", 1
knife, 1
strong
, 1
hogshead, 1
toe, 1
fiddler, 1
raspberry
, 1
strawberry
, 1
lemon, 1
lime, 1
blueberry
, 1
apple
, 1
cherry
, 1
pumpkin, 1
plum, 1
dinner
, 1
saddle, 1
goose, 1
anybody’s, 1
peach, 1
horner’s, 1
intense, 1
back—you, 1
bootleggers
, 1
sally
, 1
darktown
, 1
darktown, 1
prepared, 1
limit, 1
pleasing
, 1
teasing
, 1
existence, 1
trick, 1
bubble, 1
burst, 1
someone
, 1
sometimes
, 1
surely, 1
tearing, 1
apart., 1
up—seek, 1
maker—’fore, 1
gabriel, 1
sense
, 1
low-down, 1
disgusted, 1
counted, 1
cost, 1
abandon?, 1
alabama, 1
backwoods, 1
realistic, 1
accident, 1
statistic”, 1
controlling, 1
soil, 1
embarrassed, 1
sheiks, 1
fancy, 1
deciding, 1
america’s, 1
amsterdam, 1
paris, 1
ego, 1
inflated
, 1
outdated
, 1
apply, 1
rely, 1
"waitin", 1
jefferson, 1
glorifying, 1
themselves
, 1
manipulate, 1
satan, 1
big-time, 1
negotiators
, 1
healers, 1
haters, 1
proposition, 1
decency, 1
nonbelievers, 1
stealers, 1
starving, 1
thirsting
, 1
elevators, 1
bursting, 1
costs, 1
store, 1
inhibitions, 1
ambitions, 1
brotherly, 1
illinois, 1
bad-talkin’, 1
case
, 1
economy, 1
astronomy, 1
puppets, 1
wondered, 1
overstep, 1
engine
, 1
temptation
, 1
account, 1
needed, 1
oughta, 1
be?, 1
slips, 1
life’s, 1
pleasures, 1
bringin’, 1
day’s, 1
reward, 1
messenger, 1
eli, 1
multiplied, 1
smallest, 1
questioned, 1
answered, 1
thumb, 1
speak
, 1
flatter, 1
assembly, 1
oftentimes, 1
returning, 1
appeared, 1
soles, 1
feet
, 1
burning”, 1
confronted, 1
“if, 1
ye, 1
news
, 1
any”, 1
guy, 1
goldsmith, 1
nasty
, 1
dirty
, 1
double-crossin’
, 1
backstabbin’, 1
dealin’, 1
deadweight—i’m, 1
flash, 1
pan, 1
union, 1
lettin’, 1
cage
, 1
profile, 1
rooster—feel, 1
pennsylvania, 1
line’s, 1
denver, 1
house
, 1
pasqualli, 1
a.m., 1
booty, 1
trusting, 1
fringes, 1
human
, 1
lord—i’m, 1
meek, 1
mild, 1
pulpits, 1
cribs, 1
longin’, 1
ribs, 1
barrel, 1
whiskey—i’ll, 1
senile, 1
bet, 1
funeral
, 1
unpack, 1
confiscate, 1
lace, 1
wrap, 1
sailor’s, 1
favors, 1
plan, 1
failed, 1
served, 1
johnny’s, 1
mixing, 1
pavement, 1
government, 1
trench, 1
coon-skin, 1
cap, 1
eleven, 1
bills, 1
fleet, 1
soot, 1
plants, 1
phone’s, 1
tapped, 1
d.a., 1
tiptoes, 1
“no-doz”, 1
hose, 1
weatherman, 1
ink, 1
bell
, 1
barred, 1
braille, 1
jailed
, 1
join, 1
users
, 1
cheaters, 1
six-time, 1
losers, 1
theaters, 1
whirlpool, 1
leaders, 1
parkin’, 1
meters, 1
ah, 1
pants
, 1
romance
, 1
steal
, 1
schoolin’, 1
hid, 1
manhole, 1
sandals, 1
avoid, 1
scandals, 1
bum, 1
chew, 1
gum, 1
pump, 1
vandals, 1
handles, 1
dangling, 1
vines, 1
yon, 1
crystal, 1
fountain, 1
weary, 1
woe, 1
dwell, 1
neighbor, 1
mother
, 1
burn, 1
worn, 1
"weepin", 1
tears
, 1
opponents, 1
slaughter, 1
cities, 1
plague, 1
speculation, 1
contemplation, 1
misfortune, 1
"eatin", 1
grease, 1
"burnin", 1
crush, 1
waking, 1
crack, 1
avenge, 1
"fathers", 1
miserable, 1
much-loved, 1
approve, 1
share, 1
code, 1
practice, 1
altars, 1
‘bout, 1
heavens, 1
honor, 1
"fires", 1
aid?, 1
carrying, 1
"mans", 1
toothache, 1
heel, 1
unending, 1
nook, 1
cranny, 1
playing
, 1
nursing, 1
superfluous, 1
lawn, 1
excuse, 1
"maam", 1
pardon, 1
gardener, 1
outback
, 1
railings, 1
tent, 1
shoots, 1
tailgates, 1
substitutes, 1
strap, 1
roots, 1
genghis, 1
khan, 1
supplied, 1
green, 1
swarm, 1
front
, 1
rear, 1
opens
, 1
shuts, 1
bites
, 1
cuts, 1
soup, 1
hoop, 1
ton, 1
wiggle—you, 1
high
, 1
vomit, 1
whispers
, 1
hums, 1
answers
, 1
satin, 1
pail, 1
swooping, 1
plain?, 1
mules
, 1
swamp, 1
weaves, 1
tapestry, 1
own
, 1
be
, 1
cosmic, 1
globe, 1
award
, 1
synanon, 1
outlaw
, 1
spirit’s, 1
problems
, 1
funny, 1
robbed, 1
babies’, 1
shined, 1
shore
, 1
commit, 1
insight, 1
rip, 1
lid, 1
taxi, 1
half
, 1
couple, 1
stamped, 1
labeled, 1
shirts, 1
fought, 1
battlefield, 1
victory, 1
forgiven?, 1
apology, 1
i’d-a, 1
pine, 1
box, 1
alive
, 1
resurrection, 1
confidence, 1
sole, 1
blinding, 1
search, 1
vanity, 1
finding, 1
calvary, 1
discouraging, 1
cheat, 1
mistreat, 1
simplify, 1
classify, 1
deny
, 1
crucify, 1
frighten, 1
tighten, 1
knock, 1
lock, 1
analyze, 1
categorize, 1
finalize, 1
advertise, 1
straight-face, 1
trace, 1
displace, 1
confine, 1
select, 1
dissect, 1
inspect, 1
reject, 1
seasons, 1
yearnin’, 1
songbird’s, 1
melodious, 1
tone, 1
dusky, 1
losing
, 1
orchids
, 1
poppies
, 1
black-eyed, 1
susan, 1
melts, 1
levy, 1
countryside, 1
flown, 1
blessings, 1
tranquility, 1
linger, 1
crimson–the, 1
limbs, 1
branches, 1
cypress, 1
masquerades, 1
petals
, 1
pink, 1
white
, 1
trailing, 1
moss, 1
purple, 1
blossoms, 1
snow, 1
love?, 1
tolls, 1
palm–the, 1
hills, 1
oaks, 1
groan, 1
bondage, 1
denied, 1
explained, 1
sparks, 1
deliver, 1
darts, 1
pleases, 1
rubble, 1
footprints, 1
cold
, 1
date, 1
botticelli’s, 1
niece, 1
promised, 1
coliseum, 1
dodging, 1
lions, 1
wastin’, 1
jungle
, 1
following, 1
rhapsody, 1
gondola, 1
coca-cola!, 1
landed, 1
brussels, 1
plane, 1
bumpy, 1
clergymen, 1
pullin’, 1
muscles, 1
greet, 1
newspapermen, 1
candy, 1
diff’rent, 1
clue, 1
hello
, 1
tangier, 1
"livin", 1
falling-out
, 1
separation
, 1
pierced, 1
"weve", 1
respected, 1
busting, 1
taste, 1
lingers, 1
rounds, 1
gotten, 1
sensitive, 1
sundown
, 1
moon
, 1
replay, 1
scene, 1
dazzling, 1
sunlit, 1
rays, 1
alleys—through, 1
blinds, 1
endless, 1
buzzin’, 1
stir, 1
cousin, 1
bullheads, 1
lot
, 1
squall, 1
stupid, 1
old
, 1
age, 1
boss’, 1
hangers-on, 1
bully, 1
ya—strong-arm, 1
you—inspire, 1
effect, 1
grove, 1
timber, 1
two-foot-six, 1
me—times, 1
feudal, 1
quarrel, 1
pinewood, 1
teacher, 1
juliet
, 1
appearance, 1
youthful, 1
touch!”, 1
juliet, 1
shove, 1
much”, 1
shivers, 1
ohio
, 1
cumberland
, 1
rebel, 1
interfere, 1
peril, 1
forgiving, 1
heartaches, 1
grandfather, 1
trapper, 1
dragnets, 1
ropes, 1
grandmother, 1
sew, 1
dresses, 1
cloth, 1
suppose
, 1
ring-dancin’, 1
carols, 1
eves, 1
kicking, 1
while—it, 1
unpleasant, 1
not
, 1
becoming, 1
husbands, 1
whores, 1
piercing, 1
alternate, 1
version, 1
forward
, 1
revitalize, 1
rule
, 1
whoever, 1
jumping, 1
monkey’s, 1
guidance, 1
lord
, 1
sword
, 1
today", 1
boy!”, 1
hand., 1
ruined, 1
stone-cold, 1
womb, 1
sealed, 1
endure, 1
secure, 1
bought, 1
freed, 1
pit, 1
wrath, 1
rescue, 1
works, 1
hindered, 1
hook
, 1
brooklyn
, 1
year, 1
accordion, 1
“well
”, 1
answered
, 1
“just, 1
because”, 1
larry, 1
oldest
, 1
“crazy
”, 1
“kid, 1
blast”, 1
gambling, 1
numbers, 1
mob, 1
rivals
, 1
larry
, 1
revenge
, 1
bulletproof, 1
dawn
, 1
brothers, 1
suffered, 1
defeats, 1
ventured, 1
prisoners, 1
stashed, 1
basement
, 1
amateurs, 1
hostages, 1
tremblin’, 1
exclaim, 1
“let’s, 1
edison, 1
blame”, 1
hand
, 1
“we’re, 1
hounded, 1
smith, 1
conspiracy
, 1
it?”, 1
“five, 1
ten
”, 1
joey., 1
get”, 1
attica
, 1
nietzsche, 1
wilhelm, 1
reich, 1
closest, 1
shackle, 1
’71, 1
jimmy, 1
cagney, 1
“i’m, 1
children
”, 1
“they, 1
one”, 1
clubhouse, 1
lifelong, 1
deadly, 1
foe, 1
register
, 1
joe”, 1
clam, 1
bar, 1
fork, 1
family, 1
staggered, 1
italy, 1
jacqueline, 1
carmela, 1
mary, 1
frankie, 1
asleep”, 1
limousine, 1
towards, 1
brooklyn, 1
mourned, 1
mass, 1
overlookin’, 1
preserve, 1
independence, 1
“no?”, 1
scratched, 1
painless, 1
instruction, 1
purse, 1
worse?, 1
crowin’?, 1
rabbit, 1
motor, 1
turnin’?, 1
automobile, 1
quickly, 1
a-shinin’?, 1
groundhog, 1
reached, 1
willow, 1
closin’, 1
pages, 1
text, 1
happens, 1
threads, 1
grandma, 1
part”, 1
ledge, 1
lover’s, 1
sigh, 1
praises, 1
sugar-coated, 1
town—swinging, 1
partner, 1
on
, 1
trust, 1
roads
, 1
go-round, 1
scufflin’, 1
shufflin’, 1
briars, 1
acquainted, 1
slow—i’m, 1
repossessed, 1
mad
, 1
mamma
, 1
baptize, 1
establish, 1
civil, 1
planning, 1
tall
, 1
handsome
, 1
a-countin’, 1
over
, 1
invitations, 1
explains, 1
creations, 1
flower, 1
lent, 1
resent, 1
commissioned, 1
repetition, 1
advisers, 1
heave, 1
plastic, 1
convince, 1
drastic, 1
bandits, 1
cheek, 1
bandanas, 1
heroin, 1
disease, 1
turpentine
, 1
codeine, 1
repent, 1
medicaid, 1
painful
, 1
alibi, 1
picture, 1
habit, 1
feeds, 1
life?, 1
murdered, 1
father
, 1
raped, 1
mocked, 1
humiliated, 1
veronica, 1
nowhere
, 1
mavis, 1
hates, 1
swift
, 1
tonight?, 1
crossing, 1
actin’, 1
home
, 1
numbered
, 1
pilin’, 1
scrape, 1
boxed, 1
city’s, 1
jungle;, 1
expression, 1
sublime, 1
justice, 1
alley
, 1
mule’s, 1
wanna
, 1
rosie, 1
rosie’s, 1
leaves
, 1
"feelin", 1
undo, 1
sorry
, 1
distract, 1
"followin", 1
ship’s, 1
splinters, 1
"sinkin", 1
future
, 1
weary
, 1
who’ve, 1
movin’, 1
"interestin", 1
wet
, 1
waitin’, 1
endless
, 1
asking, 1
lie
, 1
silver
, 1
dreamless, 1
intend, 1
wink, 1
talking, 1
“gonna, 1
janitor, 1
sweep, 1
feet”, 1
do”, 1
closer., 1
mind-polluting, 1
blinded
, 1
upon?, 1
warfare, 1
breaking, 1
unbelief, 1
neutral, 1
subtle
, 1
truth’s, 1
so-called, 1
squarely, 1
well”, 1
imagine, 1
lemme, 1
husband
, 1
buddha
, 1
mohammed, 1
mentioned, 1
criminal’s, 1
blood
, 1
forefathers, 1
bone-filled, 1
flesh
, 1
delight, 1
torch, 1
enticed, 1
egypt
, 1
ethiopia
, 1
judgment, 1
christ, 1
