i, 2417
"im", 1000
like, 576
"dont", 417
get, 403
know, 284
"aint", 241
got, 233
fuck, 223
back, 192
go, 191
"cause", 189
one, 185
shit, 179
never, 177
think, 166
see, 165
make, 155
say, 149
"youre", 148
"thats", 148
way, 140
"cant", 137
take, 135
name, 130
want, 128
right, 128
let, 127
"ill", 122
it
, 122
even, 114
love, 114
ass, 114
time, 112
feel, 111
me
, 109
cause, 103
gonna, 102
"hes", 100
still, 98
"em", 98
wanna, 97
little, 94
bitch, 93
could, 92
oh, 92
come, 87
look, 86
put, 85
better, 85
give, 84
need, 82
slim, 81
"ive", 79
life, 77
aah, 73
"fuckin", 72
ever, 70
shady, 70
tell, 69
fucking, 69
man, 68
said, 67
baby, 66
girl, 65
stand, 64
up
, 61
bad, 60
you
, 60
nothing, 59
rap, 58
everybody, 58
maybe, 57
try, 57
would, 57
hear, 56
new, 55
keep, 55
really, 54
world, 54
every, 54
gotta, 53
crazy, 53
call, 52
"til", 52
"theres", 52
"wont", 52
made, 51
us, 50
day, 49
blow, 49
comes, 49
stop, 49
guess, 49
around, 48
god, 47
"didnt", 47
shake, 47
people, 46
white, 46
lose, 46
thing, 46
head, 45
"lets", 45
please, 45
night, 45
hit, 44
two, 44
real, 44
find, 44
face, 43
ya, 43
yeah, 43
something, 41
goes, 41
show, 40
whole, 40
gone, 40
looking, 39
told, 39
much, 39
till, 39
now
, 39
enough, 38
mom, 38
going, 37
walk, 37
good, 37
inside, 37
boy, 36
getting, 36
feels, 36
must, 35
full, 35
sometimes, 35
next, 35
mind, 35
came, 35
meant, 35
die, 35
chance, 34
shady
, 34
run, 34
everything, 34
away, 34
man
, 34
hope, 34
"whos", 34
bitches, 34
moment, 33
yeah
, 33
without, 33
sing, 33
return, 33
pretend, 33
hurt, 32
"imma", 32
that
, 32
bed, 32
always, 32
high, 32
bitch
, 32
big, 31
dre, 31
another, 31
lie, 31
sick, 31
wish, 31
long, 30
hell, 30
many, 30
move, 30
cold, 30
save, 30
probably, 30
hands, 30
mean, 30
sit, 30
superman, 30
hi!, 30
rock, 29
nobody, 29
shot, 29
down
, 29
out
, 29
miss, 29
beat, 29
"id", 29
"wasnt", 29
sorry, 29
spit, 28
left, 28
kid, 28
"youll", 28
shut, 28
baby
, 28
band, 28
raah
, 28
though, 27
straight, 27
shit
, 27
kids, 27
hate, 27
hold, 27
damn, 27
"tryin", 27
used, 27
thought, 27
top, 27
"yall", 27
act, 27
place, 26
trying, 26
went, 26
kill, 26
fall, 26
yo, 26
friends, 26
afraid, 26
back
, 26
girls, 26
taking, 25
grow, 25
opportunity, 25
"youve", 25
last, 25
road, 25
leave, 25
house, 25
start, 25
"whats", 25
drop, 24
use, 24
off
, 24
wanted, 24
looks, 24
home, 24
fire, 24
eyes, 24
sky, 24
well, 24
heart, 24
"gon", 24
bring, 24
dungeon, 24
"motherfuckin", 23
well
, 23
wall, 23
words, 23
old, 23
follow, 23
cut, 23
"goin", 23
wrong, 23
door, 23
talk, 23
fucked, 23
body, 23
break, 22
couple, 22
half, 22
hard, 22
game, 22
believe, 22
pain, 22
whatever, 22
(what?), 22
front, 21
music, 21
coming, 21
music
, 21
end, 21
alone, 21
(oh, 21
turn, 21
else, 21
took, 21
stay, 21
"theyre", 21
play, 21
seen, 21
tonight, 21
ha, 21
"actin", 21
since, 20
school, 20
shot
, 20
lifetime, 20
father, 20
caught, 20
hand, 20
"shes", 20
sound, 20
daddy, 20
"bout", 20
someone, 20
done, 20
beautiful, 20
momma, 20
smoke, 20
bout, 20
(who?), 20
girl
, 20
dragon, 20
fight, 19
gave, 19
dick, 19
standing, 19
things, 19
first, 19
tryna, 19
write, 19
late, 19
picture, 19
guy, 19
live, 19
touch, 19
(huh?), 19
you!, 19
vegas, 19
feeling, 18
shoot, 18
work, 18
ask, 18
outta, 18
saying, 18
throw, 18
knows, 18
close, 18
dumb, 18
five, 18
go
, 18
pull, 18
yesterday, 18
almost, 18
kick, 18
hot, 18
"till", 18
blue, 18
legacy
, 18
dig, 18
america!, 18
help, 17
times, 17
marshall, 17
mad, 17
"itll", 17
oh
, 17
may, 17
da, 17
along, 17
eat, 17
days, 17
"well", 17
"gettin", 17
called, 17
club, 17
years, 17
listen, 17
met, 17
grab, 17
slim
, 17
closet, 17
fact, 16
flames, 16
tried, 16
found, 16
ready, 16
broke, 16
lot, 16
wonder, 16
lay, 16
again
, 16
wait, 16
lost, 16
matter, 16
niggas, 16
alright, 16
six, 16
mother, 16
started, 16
know
, 16
drugs, 16
(go, 16
doing
, 16
ah, 16
party, 16
valium, 16
light
, 16
arms, 15
living, 15
everyday, 15
trailer, 15
stuck, 15
wrote, 15
yo
, 15
"screamin", 15
might, 15
cry, 15
dude, 15
dream, 15
"shadys", 15
soon, 15
mic, 15
rest, 15
mile, 15
"lookin", 15
side, 15
song, 15
pop, 15
kiss, 15
"wouldnt", 15
morning, 15
kinda, 15
mouth, 15
"ima", 15
legs, 15
three, 15
shooting, 15
light, 15
god
, 14
mine, 14
songs, 14
hoes, 14
roof, 14
"playin", 14
-, 14
(come, 14
starting, 14
together, 14
swear, 14
single, 14
watch, 14
burn, 14
window, 14
point, 14
car, 14
friend, 14
empty, 14
cum, 14
parents, 14
true, 14
"daddys", 14
cry
, 14
bet, 14
"nothin", 14
floor, 14
hey, 14
makes, 14
stick, 14
pac, 14
thinking, 14
beef, 14
doctor, 13
fat, 13
lead, 13
meet, 13
boy
, 13
change, 13
tear, 13
stage, 13
feet, 13
set, 13
track, 13
dead, 13
bit, 13
different, 13
second, 13
wants, 13
job, 13
said
, 13
free, 13
dad, 13
gets, 13
em, 13
fast, 13
gun, 13
on
, 13
bunch, 13
pills, 13
kind, 13
stars, 13
fack, 13
blame, 13
dance, 13
airplanes, 13
motherfuckers, 13
flow, 13
something
, 13
beginning, 12
crack, 12
"heres", 12
rhyme, 12
talking, 12
deep, 12
king, 12
anything, 12
fell, 12
drunk, 12
women, 12
"lifes", 12
supposed, 12
pass, 12
feed, 12
gotten, 12
monster, 12
breath, 12
ways, 12
blew, 12
tomorrow, 12
blood, 12
ride, 12
doubt, 12
black, 12
today, 12
"couldnt", 12
brain, 12
remember, 12
lights, 12
problem, 12
lips, 12
swallow, 12
thousand, 12
shoes, 12
am
, 12
behind, 12
reason, 12
sleep, 12
wake, 12
loved, 12
fan, 12
four, 12
saw, 12
far, 12
her
, 12
me), 12
(no, 12
word, 12
hair, 12
nigga, 12
dynamite
, 12
look
, 11
on), 11
slap, 11
bust, 11
fame, 11
barely, 11
least, 11
radio, 11
nose, 11
best, 11
buy, 11
plus, 11
voices, 11
holding, 11
verse, 11
attention, 11
[chorus], 11
great, 11
"doin", 11
promise, 11
ground, 11
treat, 11
alright
, 11
hurts, 11
"others", 11
seems, 11
pick, 11
"poppin", 11
hang, 11
weed, 11
either, 11
fit, 11
control, 11
pretty, 11
smile, 11
him
, 11
balls, 11
rain, 11
gray, 11
dear, 11
knock, 11
forgot, 11
bomb, 11
scared, 11
slut, 11
"comin", 11
step, 11
favors, 11
loves, 10
thank, 10
rhymes, 10
tough, 10
to
, 10
lyrics, 10
waiting, 10
nice, 10
heavy, 10
over
, 10
hole, 10
water, 10
type, 10
mama, 10
mom
, 10
killed, 10
"somethin", 10
worse, 10
forget, 10
together
, 10
quit, 10
cd, 10
ass
, 10
"shits", 10
sent, 10
pain
, 10
room, 10
pissed, 10
making, 10
here
, 10
money, 10
8, 10
life
, 10
"wheres", 10
walked, 10
yellow, 10
is
, 10
yes, 10
stomach, 10
win, 10
eminem, 10
"teas", 10
wondering, 10
clouds, 10
reminds, 10
wicked, 10
more), 10
greatest, 10
rip, 10
drive, 10
chase, 10
clothes, 10
dog, 10
ladies, 10
past, 10
las, 10
killing, 9
rappers, 9
line, 9
nine, 9
played, 9
haters, 9
murder, 9
million, 9
snap, 9
home
, 9
daughter, 9
"bein", 9
drama, 9
somebody, 9
crazy
, 9
hundred, 9
nuts, 9
read, 9
ran, 9
"em
", 9
love
, 9
open, 9
backwards, 9
dark, 9
4, 9
slow, 9
outside, 9
controversy, 9
air, 9
twenty, 9
sense, 9
check, 9
tears, 9
in
, 9
hailie, 9
felt, 9
apart, 9
neck, 9
anyone, 9
"leavin", 9
long
, 9
doctor
, 9
dope, 9
us
, 9
knew, 9
names, 9
"theyll", 9
dough, 9
3, 9
piss, 9
clear, 9
pee-pee, 9
butt, 9
mountain, 9
lots, 9
pac
, 9
(i, 9
(who, 9
born, 9
"livin", 9
soldiers, 9
say
, 8
office, 8
able, 8
roll, 8
ball, 8
pay, 8
future, 8
ray, 8
seat, 8
keeps, 8
loud, 8
a
, 8
coast, 8
lonely, 8
suppose, 8
jail, 8
thoughts, 8
okay, 8
paper, 8
christmas, 8
dirt, 8
"shouldnt", 8
lied, 8
fans, 8
perhaps, 8
leaving, 8
running, 8
happens, 8
already, 8
uh, 8
shove, 8
"doesnt", 8
catch, 8
city, 8
park, 8
everyone, 8
year, 8
funny, 8
cool, 8
carry, 8
kim, 8
record, 8
"sayin", 8
none, 8
guarantee, 8
shadys, 8
imitating, 8
do
, 8
bag, 8
pictures, 8
respect, 8
ripped, 8
missed, 8
alive, 8
toy, 8
fifty, 8
longer, 8
there
, 8
mr., 8
shoulders, 8
yeah), 8
bizarre, 8
heard, 8
lotto, 8
telling, 8
(wish, 8
now), 8
you), 8
rubbers?, 8
guts, 8
legacy, 8
suck, 8
compares, 8
purple, 8
setting, 8
berzerk), 8
knife, 8
count, 8
yo!, 8
takes, 8
(party
, 8
tomorrow), 8
singer, 8
lined, 8
nod, 7
thinks, 7
hip, 7
hop, 7
rap
, 7
table, 7
signed, 7
attack, 7
actually, 7
rage, 7
earth, 7
moon, 7
hey
, 7
walking, 7
arm, 7
hungry, 7
mathers, 7
looked, 7
mistake, 7
mad
, 7
post, 7
sold, 7
food, 7
harder, 7
jam, 7
public, 7
excuse, 7
loose, 7
everybody
, 7
mayhem, 7
be
, 7
album, 7
storm, 7
warm, 7
letting, 7
holla, 7
fed, 7
raise, 7
liquor, 7
bar, 7
paint, 7
lane, 7
face
, 7
leave
, 7
"isnt", 7
aim, 7
lighters, 7
ow, 7
fly, 7
deal, 7
jump, 7
admit, 7
like
, 7
laugh, 7
sat, 7
sign, 7
pole, 7
learned, 7
story, 7
fear, 7
dr., 7
too
, 7
ring, 7
"youd", 7
"smilin", 7
"havin", 7
no
, 7
walls, 7
"runnin", 7
"givin", 7
raps, 7
guys, 7
giving, 7
screaming, 7
pregnant, 7
autograph, 7
rush, 7
jealous, 7
stan
, 7
months, 7
dare, 7
conscience, 7
hated, 7
"cleanin", 7
woulda, 7
"someones", 7
quick, 7
stands, 7
shots, 7
lives, 7
bone, 7
spot, 7
death, 7
"worlds", 7
fuckin, 7
piece, 7
chick, 7
sunday, 7
this
, 7
ship, 7
throat, 7
til, 7
"wouldve", 7
self, 7
ok, 7
flows, 7
lady, 7
everything
, 7
plate, 7
cleaning, 7
dust, 7
eighty, 7
yet, 7
handle, 7
nowadays, 7
gibberish, 7
eric, 7
"fo", 7
sho, 7
erica, 7
offended, 7
travel, 7
"em?", 7
feelings, 6
nod
, 6
mc, 6
match, 6
pack, 6
aftermath, 6
wack, 6
taken, 6
product, 6
hall, 6
gay, 6
dead
, 6
line
, 6
normal, 6
"singin", 6
human, 6
rock
, 6
tongue, 6
d, 6
boys
, 6
seize, 6
capture, 6
calm, 6
crowd, 6
mouth
, 6
lab, 6
order, 6
grows, 6
known, 6
moved, 6
kept, 6
[eminem, 6
losing, 6
onto, 6
needed, 6
falling, 6
spend, 6
(yeah), 6
game
, 6
"(im", 6
afraid), 6
(to, 6
stand), 6
(everybody), 6
hand), 6
weather
, 6
figure, 6
brand, 6
middle, 6
lift, 6
busy, 6
low, 6
strength, 6
others, 6
today
, 6
broken, 6
bags, 6
dreams, 6
ago, 6
thanks, 6
weight, 6
obie, 6
"round", 6
ten, 6
seem, 6
pen, 6
eye, 6
asked, 6
flip, 6
proud, 6
mommy, 6
block, 6
"startin", 6
"talkin", 6
mourn
, 6
rejoice, 6
voice
, 6
"makin", 6
more
, 6
scream, 6
plane, 6
"hailies", 6
dre
, 6
"girlfriends", 6
biggest, 6
though
, 6
across, 6
downers, 6
girlfriend, 6
throat
, 6
diss, 6
fine, 6
glad, 6
taste, 6
skeletons, 6
wished, 6
older, 6
"fore", 6
finish, 6
ones, 6
means, 6
anymore, 6
smell, 6
fuck
, 6
weak, 6
mouth., 6
clears, 6
collapse., 6
nate, 6
platinum, 6
313, 6
clarence, 6
battle, 6
bound, 6
push, 6
ice, 6
twice, 6
monday, 6
ooh, 6
say?, 6
store, 6
space, 6
star, 6
is), 6
smacked, 6
rapper, 6
(fuck, 6
woman, 6
shaking, 6
finished, 6
jessica, 6
mary, 6
ha!, 6
tank, 6
"wasnt
", 6
papers
, 6
news
, 6
drink, 6
retarded, 6
slut
, 6
aint, 6
round, 6
chuba, 6
kicking, 6
momma!, 6
noticed, 6
gone
, 6
angry, 6
riding, 6
dawn, 6
rolled, 6
motherfucker, 6
upon, 6
fear
, 6
headlights, 6
escape, 6
gas, 6
lookin, 6
group, 6
choke, 6
unless, 6
patiently, 6
t-r-l
, 6
hugs, 6
no!, 6
"everyones", 6
loading, 6
f***, 6
s***, 6
chicks, 6
easy, 5
"somethings", 5
lyrical, 5
doc
, 5
basically, 5
trash, 5
scratch, 5
scribble, 5
skin, 5
was
, 5
pad, 5
uh
, 5
forever, 5
verses, 5
pill, 5
ill, 5
speak, 5
satan, 5
asleep, 5
understand, 5
trip, 5
palms, 5
knees, 5
"jokin", 5
grown, 5
games
, 5
mood, 5
changed, 5
stamps, 5
point
, 5
"nobodys", 5
then
, 5
children, 5
stack, 5
real
, 5
"(youre", 5
world
, 5
gassed, 5
whether, 5
shits, 5
married, 5
gift, 5
crap, 5
circle, 5
demons, 5
"jumpin", 5
helped, 5
did
, 5
finger, 5
insane, 5
superman
, 5
laid, 5
neither, 5
talk
, 5
time
, 5
flipped, 5
around
, 5
cock, 5
cuz, 5
minute, 5
scary, 5
happy, 5
pussy, 5
locked, 5
kicked, 5
bum, 5
"fuck, 5
elvis, 5
turned, 5
private, 5
calling, 5
miles, 5
"itd", 5
trade, 5
hide, 5
percent, 5
"mommas", 5
flat, 5
young, 5
papa, 5
happened, 5
daddy
, 5
loud
, 5
number, 5
wait
, 5
word
, 5
alarm, 5
"tellin", 5
faith, 5
jack, 5
kim
, 5
can
, 5
uncle, 5
underground, 5
yours
, 5
coulda, 5
brother, 5
send, 5
drank, 5
fifth, 5
all
, 5
bitch!, 5
slit, 5
tied, 5
"shell", 5
relax, 5
ridiculous, 5
ha
, 5
panties, 5
bullets, 5
victim, 5
grew, 5
ma?, 5
died, 5
what
, 5
child, 5
rolling, 5
showed, 5
minute
, 5
stop
, 5
hip-hop, 5
cop, 5
1, 5
bob, 5
"guys", 5
shook, 5
motherfucking, 5
lets, 5
bottle, 5
cold
, 5
fault, 5
wont, 5
aiming, 5
brains, 5
(my, 5
famous, 5
incredible, 5
police, 5
me!, 5
"dont
", 5
tube, 5
care, 5
hood, 5
driving, 5
dropped, 5
(turn, 5
up), 5
sexy, 5
truck, 5
ahead, 5
one
, 5
ate, 5
drug, 5
medicine, 5
ma
, 5
battle
, 5
lord, 5
land, 5
wife, 5
naked, 5
tape, 5
adore
, 5
(baby), 5
bottle
, 5
snobby, 5
model, 5
hopping, 5
shotgun, 5
cash, 5
marijuana, 5
evil, 5
power, 5
mushroom, 5
state, 5
cross, 5
crew, 5
split, 5
"thinkin", 5
devil, 5
pills
, 5
tracks, 5
torn, 5
ho, 5
step
, 5
jay, 5
creek, 5
weird, 5
bucket, 5
short, 5
ugly, 5
alone
, 5
explode, 5
stun, 5
(no!), 5
bleed!, 5
suddenly, 5
proof, 5
salsa, 5
salsa
, 5
survival, 5
kings, 5
means
, 4
trouble
, 4
box
, 4
box?, 4
with), 4
exact, 4
faggots, 4
realized, 4
ironic, 4
hard
, 4
key, 4
position, 4
church, 4
burst, 4
label, 4
head
, 4
sure, 4
case, 4
rhymes
, 4
"i\m, 4
seven, 4
bought, 4
j, 4
24/7, 4
special, 4
lamaa, 4
doc, 4
asking, 4
bake, 4
broad, 4
not
, 4
vomit, 4
"moms", 4
spaghetti, 4
opens, 4
how
, 4
choked, 4
dope
, 4
stacked, 4
knows
, 4
souls, 4
gaping, 4
king
, 4
hotter, 4
blows, 4
soap, 4
dogs, 4
chewed, 4
provide, 4
family, 4
movie
, 4
spot
, 4
plot, 4
wanting, 4
seep, 4
lee, 4
huge, 4
vision, 4
regular, 4
struggle, 4
still
, 4
nothing
, 4
(get, 4
"causin", 4
"relapse", 4
paid, 4
"didnt
", 4
cloud, 4
cage, 4
enough
, 4
daughters, 4
strong, 4
going
, 4
bad
, 4
sick
, 4
words
, 4
dry, 4
tired, 4
tries, 4
wide, 4
struck, 4
woke, 4
dicks, 4
dick
, 4
bullshit, 4
blade, 4
treated, 4
tonight
, 4
outside
, 4
back?, 4
hospital, 4
tits, 4
na, 4
center, 4
thirty, 4
headed, 4
list, 4
pencil, 4
worst, 4
reach, 4
reaching, 4
shoes
, 4
fucked., 4
expect, 4
own
, 4
dreamed, 4
acting, 4
stupid
, 4
frozen, 4
sitting, 4
wear, 4
upper, 4
crying, 4
laney, 4
plan, 4
course, 4
bedroom, 4
grown
, 4
ha), 4
literally, 4
why
, 4
please
, 4
safe, 4
dad
, 4
shady!, 4
tape
, 4
picked, 4
owe, 4
form, 4
demand, 4
saved, 4
"fucks", 4
person, 4
before
, 4
cute, 4
quite, 4
90, 4
"callin", 4
phone, 4
bottom, 4
addresses, 4
anyways
, 4
ronnie, 4
stan, 4
answer, 4
shitty, 4
likes, 4
relate, 4
chest, 4
deserve, 4
sending, 4
drive?, 4
phil, 4
drowning, 4
breathe, 4
trunk, 4
bridge, 4
show
, 4
dog
, 4
drove, 4
headphones, 4
have
, 4
"takin", 4
"breathin", 4
coffin, 4
leg, 4
gun
, 4
mode, 4
ground
, 4
(and, 4
bass, 4
spin, 4
spirit, 4
bobby, 4
rather, 4
blown, 4
matters, 4
2, 4
shoots, 4
judge, 4
thats, 4
dont, 4
book, 4
rescue, 4
whip, 4
hoe, 4
trust, 4
rocket, 4
mate, 4

, 4
class, 4
(huh, 4
(yeah, 4
yeah!), 4
hung, 4
you!), 4
carried, 4
walks, 4
done
, 4
movie, 4
simple, 4
streets, 4
ahhh, 4
damn)(ooh), 4
fackin, 4
shit)(oh, 4
faack
, 4
am), 4
(ooh), 4
cumming, 4
ass!, 4
gerbil, 4
ew, 4
curse, 4
eating, 4
"holdin", 4
"grindin", 4
dogg, 4
weapon, 4
butt), 4
minutes, 4
double, 4
crib, 4
son, 4
dang, 4
happen, 4
"walkin", 4
(sing)
, 4
(sing, 4
it), 4
laughter
, 4
b, 4
load, 4
dawg, 4
snoop, 4
hits, 4
stab, 4
lap, 4
boys, 4
bend, 4
oops, 4
dunno, 4
"feelin", 4
part, 4
lines, 4
num, 4
thrown, 4
goodbye, 4
week, 4
excuses, 4
wit, 4
(clear, 4
see), 4
(everybody, 4
player
, 4
(now, 4
wash, 4
mess, 4
soul, 4
waddle, 4
o-oh, 4
o-oh
, 4
tahoe, 4
"posses", 4
dusk, 4
bus, 4
stable, 4
50, 4
6, 4
appreciate, 4
although, 4
wages, 4
fun, 4
later, 4
passed, 4
shining, 4
pulled, 4
penis, 4
(pedal, 4
metal), 4
uppers, 4
"countin", 4
dirty, 4
some
, 4
skull, 4
finally, 4
heart
, 4
toe, 4
shout, 4
return., 4
camera, 4
pot, 4
ganja, 4
creeping, 4
hindi, 4
"whatevers", 4
beard, 4
volume, 4
up!, 4
stays, 4
smoked, 4
faucet, 4
completely, 4
nuts?, 4
insane!, 4
a**, 4
"f***in", 4
so!, 4
clique, 4
"beefin", 4
fittest, 4
winner, 4
dragon
, 4
got
, 3
robot
, 3
genes, 3
knot, 3
honest, 3
attempt, 3
wrath, 3
rough, 3
secret, 3
simply, 3
"mcs", 3
inspired, 3
"n", 3
alcohol, 3
shame, 3
fags, 3
thinking?, 3
witnessing, 3
massacre, 3
watching, 3
"boys", 3
gay
, 3
thumbs, 3
pat, 3
capable, 3
racing, 3
immediately, 3
"totin", 3
honestly, 3
somewhere, 3
chicken, 3
punchlines, 3
crunch, 3
appeal, 3
color, 3
add, 3
pointless, 3
fab, 3
cable, 3
channel, 3
station, 3
"hey
, 3
speed
, 3
rubber, 3
confuse, 3
hella, 3
fuse, 3
shock, 3
brung, 3
bully, 3
bumping, 3
angels, 3
consideration, 3
hatred, 3
situation, 3
cake, 3
retard, 3
slip?, 3
sweaty
, 3
weak
, 3
sweater, 3
already
, 3
nervous
, 3
surface, 3
bombs
, 3
"forgettin", 3
"chokin
", 3
"everybodys", 3
clocks, 3
blaow!, 3
reality
, 3
gravity, 3
rabbit
, 3
easy?, 3
"citys", 3
ropes, 3
matter
, 3
mobile, 3
rhapsody, 3
escaping
, 3
toward, 3
super, 3
"stardoms", 3
harder
, 3
shows
, 3
globetrotter, 3
roads
, 3
farther, 3
mo
, 3
schmo, 3
dove, 3
nada, 3
opera, 3
partna
, 3
caged, 3
"beginnin
", 3
booed, 3
"rhymin", 3
"stepwritin", 3
cipher, 3
"somebodys", 3
"payin", 3
pied, 3
piper, 3
amplified, 3
diapers, 3
mekhi, 3
seed
, 3
dishonor, 3
snail, 3
formulate, 3
fore, 3
success, 3
option
, 3
failures, 3
trail, 3
cannot, 3
"salems", 3
fail, 3
fame
, 3
cover, 3
receive, 3
confusing, 3
(yeah
, 3
stumbled, 3
voice, 3
but
, 3
spilled, 3
russell, 3
gold, 3
facts, 3
stand
, 3
balcony, 3
first
, 3
instead, 3
eh, 3
relax
, 3
jacks, 3
decision, 3
clean
, 3
bees, 3
corner, 3
counter, 3
breathe
, 3
fight
, 3
right
, 3
suffer, 3
hates, 3
wind, 3
them
, 3
hair
, 3
fault
, 3
fist, 3
liar, 3
[bruno, 3
mars], 3
"ones", 3
[eminem], 3
illest, 3
free
, 3
building, 3
cocky, 3
stayed, 3
same
, 3
buzz, 3
difference, 3
thick, 3
usually, 3
iron, 3
5, 3
dr, 3
chronic, 3
hairy, 3
box, 3
cats, 3
starts, 3
tv, 3
williams, 3
mixed, 3
vodka, 3
waited, 3
ms., 3
stomped, 3
discuss, 3
works, 3
kids!, 3
depressed, 3
hump, 3
extra, 3
joke, 3
placed, 3
hoped, 3
eight, 3
tryin, 3
fucked
, 3
yea
, 3
stiffen, 3
lip, 3
wipe, 3
news, 3
hush, 3
"everythings", 3
wrapped, 3
bum
, 3
stole, 3
apartment, 3
work
, 3
seeing, 3
"rollin", 3
developed, 3
witness, 3
diamond, 3
destroy, 3
turns, 3
become, 3
"daddy, 3
play
, 3
song
, 3
gon, 3
swing, 3
"spittin", 3
"standin", 3
stage
, 3
wrists, 3
sister, 3
awake, 3
clue, 3
lazy, 3
risked, 3
career, 3
sake, 3
room
, 3
jokes, 3
friends
, 3
death
, 3
maggots, 3
"oh, 3
chicka, 3
yea, 3
lucky, 3
message, 3
chorus, 3
sell, 3
records, 3
critics, 3
argue, 3
thing
, 3
parking, 3
windows, 3
sloppy, 3
daughter
, 3
rawkus, 3
hours, 3
day
, 3
helps, 3
sudden, 3
"growin", 3
mister, 3
perfect, 3
freeway, 3
cap, 3
counseling, 3
bouncing, 3
understand
, 3
weeks, 3
about
, 3
signs, 3
emotions, 3
sour, 3
trigger, 3
closet
, 3
expose, 3
faggot, 3
teeth, 3
prescription, 3
syndrome, 3
selfish, 3
ah
, 3
problems, 3
motherfucker
, 3
"(dont", 3
(it, 3
(you, 3
entire, 3
freak, 3
snatch, 3
um, 3
lot
, 3
blood
, 3
(oh), 3
motivation, 3
criminal, 3
certain, 3
offend, 3
wet, 3
addict, 3
addicted, 3
smack, 3
forth, 3
battles, 3
(the, 3
tall, 3
motha, 3
notice, 3
wolf, 3
1
, 3
2
, 3
named, 3
cheddar, 3
chumps, 3
wink, 3
cranbrook, 3
embarrassed?, 3
"clarences", 3
marriage, 3
proudly, 3
win
, 3
unfurl, 3
hurl, 3
saturday, 3
someday, 3
runway, 3
pride, 3
aw, 3
path, 3
emotion, 3
exactly, 3
"hearts", 3
june, 3
aches, 3
inch, 3
copy, 3
age, 3
knocked, 3
kris, 3
pound, 3
grass, 3
off!, 3
teacher, 3
chased, 3
papers, 3
strip, 3
cup, 3
(damn!), 3
support
, 3
needs, 3
away!, 3
that!), 3
vodka
, 3
hulk, 3
breast, 3
vest, 3
"freeze!,", 3
mean
, 3
"freeze?", 3
pee, 3
pee
, 3
joke
, 3
puppet, 3
it!, 3
simpson, 3
nick
, 3
sip, 3
i
, 3
boo, 3
cigarette, 3
hot
, 3
"fackin", 3
ohh, 3
damn
, 3
men, 3
boobs
, 3
asshole
, 3
ey, 3
circles, 3
get
, 3
bathroom, 3
"bumpin", 3
drunk
, 3
"knowin", 3
"muthafuckin", 3
strut, 3
slip, 3
shorty, 3
became, 3
lick, 3
business, 3
nathan, 3
white
, 3
"names", 3
beat
, 3
clock
, 3
trash
, 3
homie, 3
worship, 3
except, 3
favorite, 3
leader, 3
rear, 3
ends, 3
blah, 3
bra, 3
vanilla, 3
blonde, 3
worth, 3
"cmon
", 3
baby), 3
party
, 3
"girls", 3
(what, 3
report, 3
small, 3
evening, 3
(one, 3
time), 3
selling, 3
okay
, 3
deals, 3
memories, 3
thin, 3
changing, 3
awkward, 3
amount, 3
pretends, 3
massive, 3
k-fed, 3
shirt, 3
outfit, 3
mothers, 3
bat, 3
beats, 3
flash, 3
trick, 3
cant, 3
planet, 3
equivalent, 3
taught, 3
belong, 3
war, 3
"mans", 3
fill, 3
art, 3
gone?, 3
grain, 3
twisted, 3
brown, 3
"motherfuckers", 3
pants, 3
filled, 3
stuffed, 3
k
, 3
detroit, 3
desert, 3
so
, 3
states, 3
trouble, 3
differently, 3
guarantee
, 3
speed, 3
frame, 3
draw, 3
mercedes, 3
nicki, 3
genius, 3
"movin", 3
threw, 3
master, 3
"wit", 3
bounce
, 3
d12, 3
couch, 3
coke, 3
acid, 3
nut, 3
heat, 3
murdered, 3
willing, 3
"gs", 3
bow, 3
guns, 3
bit
, 3
for
, 3
u, 3
rabbit, 3
stupid, 3
spitting, 3
screen, 3
ear, 3
patron, 3
upset, 3
killer, 3
bang, 3
vials, 3
fifty
, 3
glass, 3
colors, 3
shoulder, 3
"watchin", 3
wasnt, 3
violent, 3
aimed, 3
sprays, 3
wow, 3
"waitin", 3
surely, 3
"blunts", 3
assholes, 3
reminisce, 3
mics, 3
somethin, 3
(8, 3
road), 3
goin, 3
footsteps, 3
[nate, 3
fucker, 3
stopping, 3
learn, 3
nicki
, 3
"leanin", 3
door
, 3
deja, 3
vu
, 3
wine, 3
swift, 3
video, 3
band
, 3
wan, 3
nick, 3
hand
, 3
big
, 3
bread?, 3
snaking, 3
faking, 3
favors
, 3
don
, 3
passage, 3
squash, 3
wrong
, 2
(six, 2
minutes
, 2
happen
, 2
bananas, 2
chances, 2
ordered, 2
rapbot, 2
computer, 2
laptop, 2
pocket, 2
"penll", 2
half-cock, 2
profit, 2
bill, 2
clinton, 2
monica, 2
lewinsky, 2
nut-sack, 2
rude, 2
indecent, 2
syllables
, 2
killaholic, 2
(kill, 2
slickety
, 2
gibbedy
, 2
hibbedy, 2
pissing, 2
rappidy, 2
packing, 2
mac, 2
ac
, 2
backpack, 2
yep
, 2
yackidy-yac, 2
acrobat, 2
stunts, 2
practicing, 2
blow?, 2
f-bombs
, 2
period
, 2
maxipad, 2
disastrously, 2
masterfully, 2
constructing, 2
masterpiece, 2
maintaining, 2
immortality, 2
truthful, 2
"blueprints", 2
youthful, 2
exuberance, 2
root, 2
nuisance, 2
asteroid
, 2
vehicle, 2
students, 2
rakim
, 2
lakim, 2
shabazz
, 2
2pac, 2
n-, 2
-w.a
, 2
cube
, 2
ren
, 2
yella
, 2
eazy
, 2
dmc, 2
induct, 2
inducted, 2
flock, 2
planking
, 2
gathering, 2
oy, 2
vey
, 2
boy?, 2
"hell, 2
yeah", 2
pace, 2
track
, 2
nascar
, 2
nascar, 2
dale, 2
earnhardt, 2
park
, 2
kneel, 2
general, 2
zod, 2
"planets", 2
krypton
, 2
asgard
, 2
asgard, 2
thor, 2
odin
, 2
rodent
, 2
omnipotent, 2
reloading, 2
bombs, 2
woken, 2
zombie, 2
floating, 2
throating, 2
ramen, 2
noodle
, 2
common
, 2
poodle, 2
doberman
, 2
pinch, 2
homage
, 2
pupil, 2
"honestys", 2
brutal, 2
futile, 2
utilize, 2
doodle, 2
unsigned, 2
lunchtime, 2
underground
, 2
pharoahe, 2
monch, 2
grind, 2
combine, 2
censor, 2
back", 2
lp, 2
columbine, 2
ak-47
, 2
revolver, 2
morphed, 2
immortal, 2
portal, 2
warp, 2
2004, 2
rapunzel, 2
cornrows, 2
normal
, 2
raygun, 2
fabolous, 2
fag, 2
"maywhethers", 2
piano, 2
fab
, 2
supersonic, 2
(jj, 2
fad), 2
sama, 2
duma, 2
assuming, 2
superhuman, 2
innovative, 2
ricocheting, 2
glue, 2
stating
, 2
demonstrating, 2
audience, 2
levitating, 2
fading
, 2
"theyd", 2
celebrating, 2
motivated, 2
elevating, 2
elevator, 2
mainstream, 2
jealous
, 2
hop
, 2
pop
, 2
occurs, 2
ripping, 2
diverse, 2
curtains
, 2
inadvertently, 2
"hurtin", 2
prove, 2
sacrifice, 2
virgins, 2
uh!, 2
flunkie
, 2
junky, 2
accolades, 2
skills, 2
myself
, 2
leagues, 2
tongues, 2
cheek
, 2
wheel
, 2
chunky
, 2
funky, 2
tugging, 2
struggling, 2
devils
, 2
eliminate, 2
bitter, 2
patient, 2
sympathetic, 2
discrimination, 2
handing, 2
lemons
, 2
lemonade, 2
batter, 2
fatal, 2
overseas, 2
vacation, 2
king?, 2
god?, 2
"borin
", 2
mortem, 2
flows
, 2
unfolds
, 2
phifer, 2
prima-donna, 2
[chorus, 2
rihanna], 2
(crazy), 2
1], 2
newsweek, 2
beggers, 2
choosey, 2
cake
, 2
balloon, 2
ego, 2
inflated, 2
bruce, 2
leaf, 2
abused, 2
ink
, 2
tool, 2
steam, 2
lottery, 2
wee), 2
bittersweet, 2
winning, 2
shrink, 2
sleep,, 2
sheep
, 2
sheep, 2
cuckoo, 2
cookey, 2
kool, 2
keith, 2
weirder, 2
"im...", 2
2], 2
poet, 2
squander, 2
conjuring, 2
spawn, 2
ponder, 2
wandering?), 2
wandering, 2
yonder, 2
jeff, 2
vanvonderen, 2
interventionist, 2
intervene, 2
conflict, 2
conquer, 2
ocd, 2
conking, 2
knocking
, 2
sleepwalking, 2
relaying, 2
messenger
, 2
3], 2
amongst, 2
civilian, 2
drums, 2
emcees
, 2
pumped, 2
relates, 2
payback
, 2
wilson, 2
draft
, 2
straw, 2
chump, 2
rumpelstiltskin, 2
hay, 2
straightjacket
, 2
[bridge], 2
tryna), 2
afraid
, 2
sting, 2
beans, 2
"stoppin", 2
undoubtedly, 2
"tearin", 2
if
, 2
ands, 2
buts
, 2
"infinite", 2
"shittin", 2
salary
, 2
hourly
, 2
bows, 2
bowels, 2
whichever, 2
curse
, 2
earth
, 2
urge, 2
universe, 2
scissors, 2
rhythm, 2
teeth
, 2
crowned, 2
capped
, 2
fact
, 2
honest
, 2
accents, 2
click-clack
, 2
mapped, 2
follows, 2
exercise, 2
"muhfuckers", 2
breaking, 2
manning, 2
(now), 2
admittedly
, 2
subliminally, 2
realize, 2
ringer
, 2
eye
, 2
stingers, 2
bee, 2
flingers
, 2
focus, 2
solely, 2
"handlin", 2
responsibilities, 2
solemnly, 2
roof
, 2
shingle, 2
pub, 2
raising, 2
"gazin", 2
stars
, 2
amazing, 2
flight, 2
drown, 2
good
, 2
name
, 2
scratch
, 2
separate, 2
ways
, 2
things
, 2
blinded, 2
relationship, 2
tornado, 2
meets, 2
sidewalk, 2
tie, 2
cowards, 2
prick, 2
slick, 2
switch, 2
outtie, 2
cried, 2
plenty, 2
march, 2
jersey, 2
shitted, 2
"yall", 2
parks, 2
compared, 2
signing, 2
awards, 2
forced, 2
created, 2
chopped, 2
rocking, 2
operating, 2
debating, 2
rag, 2
job
, 2
cheney, 2
m-t-v, 2
dip
, 2
disaster
, 2
nana-na, 2
bent, 2
ears, 2
tension, 2
tat, 2
anybody, 2
bastards, 2
old
, 2
signal, 2
insults, 2
obscene, 2
lately, 2
spark, 2
ended, 2
outlet, 2
closest, 2
wiping, 2
marshall
, 2
clown, 2
hell
, 2
dealt, 2
porch, 2
place
, 2
meanwhile, 2
size, 2
sounds, 2
soldier, 2
scared
, 2
nightmares, 2
puzzled
, 2
somehow, 2
growing, 2
way
, 2
worries
, 2
lady
, 2
"mommys", 2
tree, 2
dollars, 2
seemed, 2
"arguin", 2
house
, 2
trips, 2
wow
, 2
mockingbird, 2
shine, 2
(ha, 2
harm, 2
karma, 2
source, 2
mommy
, 2
writing, 2
dream
, 2
"lyin", 2
picture
, 2
mirror, 2
curtain, 2
"throwin", 2
bow
, 2
followed, 2
"werent", 2
sad, 2
wanted
, 2
fine
, 2
pill
, 2
"closin", 2
brain
, 2
burns, 2
ashes, 2
spring, 2
hug, 2
ideas, 2
"beggin", 2
believed, 2
truth, 2
"cryin", 2
booth
, 2
"ridin", 2
aftermath
, 2
jackets, 2
please?, 2
jaws, 2
basement, 2
grabbing, 2
tom, 2
green, 2
lips
, 2
wave, 2
cuss, 2
britney, 2
blast, 2
dress, 2
false, 2
coat, 2
rate, 2
"workin", 2
system, 2
go?, 2
cell
, 2
pager
, 2
letters, 2
autumn
, 2
not-a, 2
jot, 2
"hows", 2
daughter?, 2
bonnie, 2
everyday
, 2
skam, 2
posters, 2
chat
, 2
truly, 2
wrote
, 2
concert, 2
matthew, 2
blistering, 2
idol, 2
denver
, 2
cheat, 2
drift, 2
tattoo, 2
bleeds, 2
adrenaline
, 2
sincerely, 2
p.s., 2
fans", 2
package, 2
letters
, 2
cassette, 2
collins
, 2
night", 2
rescued, 2
late
, 2
drowsy, 2
lousy, 2
letter, 2
ruined, 2
eats, 2
talk!, 2
suffocates, 2
forgot
, 2
sooner, 2
flattered, 2
starter, 2
intentionally, 2
"clownin", 2
issues, 2
together?, 2
letter
, 2
reaches, 2
yourself
, 2
little
, 2
inspire, 2
mad?, 2
trunk
, 2
damn!, 2
snare?, 2
snare, 2
discriminated, 2
protested, 2
demonstrated, 2
picket, 2
commotion, 2
tempers, 2
vinegar, 2
momma?, 2
"73", 2
multi-platinum, 2
"sellin", 2
"cause
", 2
split
, 2
kissed, 2
grit, 2
smartest, 2
"ida", 2
welcome, 2
recognition, 2
position
, 2
envision, 2
kitchen, 2
purse, 2
systems
, 2
justify, 2
"nathans", 2
phony, 2
bars, 2
sweat, 2
beg, 2
triple, 2
script
, 2
away
, 2
ok
, 2
combination, 2
gang, 2
knocking, 2
lost
, 2
love), 2
"peoples", 2
begin, 2
competition, 2
whack, 2
adrenaline, 2
pride
, 2
flow
, 2
venom, 2
mark, 2
collapse, 2
subliminal, 2
filling, 2
miracle, 2
goes
, 2
andre, 2
nas, 2
industry, 2
smart, 2
absurd, 2
served, 2
constant, 2
static, 2
plaque, 2
(until, 2
underneath, 2
jumped, 2
hes, 2
crooks, 2
clock, 2
mm, 2
baby?, 2
yeah?, 2
huh, 2
leap, 2
ask?, 2
cash
, 2
died
, 2
wife?, 2
come
, 2
females, 2
sluts, 2
plain, 2
"ol", 2
ammo, 2
lawsuit, 2
ruin, 2
clutch, 2
impossible, 2
burnt, 2
luck, 2
ya
, 2
limit, 2
conquest, 2
"mustve", 2
stake, 2
shuts, 2
cave, 2
"squeezin", 2
popsicle, 2
(who?, 2
shady), 2
hi, 2
violence?, 2
nails
, 2
eyelids?, 2
(uh-huh!), 2
"cid", 2
"brains", 2
weight
, 2
spice, 2
impregnate, 2
"slim, 2
base-head!", 2
uh-uh!, 2
"whys", 2
red?, 2
wasted!", 2
twelve
, 2
original, 2
bunk, 2
belt, 2
pamela, 2
"lees", 2
kross, 2
faster, 2
"cmere", 2
slut!, 2
(shady
, 2
dog!), 2
english, 2
flunk, 2
junior, 2
semester, 2
eraser
, 2
stapler, 2
stapled, 2
(ow!), 2
club
, 2
jacket, 2
zipped, 2
flashed, 2
bartender
, 2
tip, 2
extraterrestrial
, 2
pedestrians, 2
"let\s, 2
friends!", 2
ninety-nine, 2
usher, 2
(ahh!), 2
castle, 2
(dude
, 2
autograph?), 2
"dear, 2
dave
, 2
asshole!", 2
tape!, 2
him!), 2
operate!, 2
cemetery, 2
buried, 2
yup!), 2
"goin?", 2
decide, 2
ahead), 2
deprived, 2
years
, 2
(whoops!), 2
"(cmere)", 2
fits, 2
mom?, 2
tits!, 2
strap, 2
bulletproof, 2
(bang!), 2
"steamin", 2
(argh!), 2
dad?, 2
(yeah?), 2
moves
, 2
peeing, 2
psych!, 2
keed
, 2
shower, 2
scene, 2
officer
, 2
triumph
, 2
bozo, 2
keys
, 2
twist, 2
top
, 2
stop!, 2
now!, 2
f-a-c-k
, 2
fack
, 2
twice
, 2
butt
, 2
nibble, 2
pack
, 2
gives, 2
cursed, 2
berserk, 2
sentence, 2
feeding, 2
patience, 2
father
, 2
bothered, 2
nonsense, 2
media, 2
america
, 2
happening, 2
returned, 2
fables, 2
questions, 2
autograph
, 2
pole
, 2
shoe, 2
licked, 2
trees, 2
conversation, 2
hennessey, 2
muthafuckers, 2
continue, 2
getcha, 2
strobe, 2
menace
, 2
g, 2
champagne, 2
"es", 2
finna, 2
hummer, 2
apple, 2
"cmon", 2
hearing, 2
hooked, 2
season, 2
steak, 2
gum, 2
"huffin", 2
"puffin", 2
"sleepin", 2
crayon, 2
crush, 2
potatoes, 2
"wastin", 2
spinach, 2
dip, 2
innocent, 2
k-mart, 2
bygones, 2
valium
, 2
nah, 2
"happenin", 2
drip, 2
heath, 2
3pac
, 2
mother-fuckin, 2
mc
, 2
tom., 2
standin, 2
screamin, 2
world!", 2
cranbrook
, 2
half-way, 2
yearbook
, 2
trailer
, 2
whose, 2
blaring, 2
bothers, 2
talks, 2
blocks, 2
"hed", 2
pants
, 2
stepfather, 2
corners, 2
"rappin", 2
"kissin", 2
strictly, 2
"cds", 2
grudge, 2
sued, 2
explain, 2
mail, 2
practically, 2
magazine, 2
night
, 2
vibe, 2
squeeze, 2
golden, 2
flick, 2
"kiddin", 2
commit, 2
suicide, 2
beaver, 2
"alls", 2
badi, 2
heres, 2
(shit, 2
mine
, 2
borrow, 2
shave, 2
neighborhood, 2
that!, 2
afford, 2
shit?, 2
dre?, 2
"(its", 2
(well, 2
meeting, 2
upstairs, 2
slipped, 2
fifteen, 2
passes, 2
raw, 2
grady
, 2
kidnap, 2
advice, 2
slapped, 2
compton, 2
way?, 2
floor
, 2
noise, 2
psycho, 2
friday, 2
punch, 2
beer, 2
sorry
, 2
breaks, 2
duba, 2
"fellas", 2
breathing, 2
hailie
, 2
dissing, 2
popping, 2
styrofoam, 2
drops, 2
everywhere, 2
tour, 2
arenas, 2
"thatll", 2
socially, 2
strange, 2
stadiums, 2
talent, 2
cranium, 2
realistic, 2
olympics, 2
slept, 2
explaining, 2
(chicka), 2
grin, 2
girl), 2
dinner, 2
style
, 2
dressing, 2
amy
, 2
birthday, 2
woo!, 2
pounds, 2
villain, 2
verse
, 2
rider, 2
begins, 2
smashed, 2
benz, 2
monte, 2
el, 2
garage, 2
kong, 2
vietnam, 2
style, 2
worlds, 2
acted, 2
wasted, 2
boss, 2
goddammit, 2
less, 2
treating, 2
favor, 2
worthy, 2
moving, 2
chew, 2
sickness, 2
addiction, 2
climbing, 2
close
, 2
waves, 2
tug, 2
raised, 2
wires, 2
tip-toe, 2
here), 2
shall, 2
tear), 2
got), 2
anger, 2
stopped, 2
caused, 2
nowhere, 2
pray, 2
exhausted, 2
stadium, 2
faces, 2
legend, 2
shimmy, 2
k-k-kid, 2
tricks, 2
whips, 2
money
, 2
complain, 2
p, 2
bitches
, 2
goddamn, 2
existence, 2
"fakin", 2
"trippin", 2
flack, 2
10, 2
answers, 2
joint, 2
rum, 2
pepsi, 2
rooms, 2
lock, 2
stubborn, 2
drag, 2
leave), 2
especially, 2
boat
, 2
estranged, 2
"babys", 2
shows, 2
cringe, 2
painful, 2
forgive, 2
foster, 2
mathers
, 2
keeping, 2
grandma, 2
hugged, 2
jet, 2
dreaming
, 2
far
, 2
involved, 2
often, 2
flying, 2
solve, 2
eyeballed, 2
walkman, 2
bright, 2
bike, 2
complex, 2
garbage
, 2
bother, 2
lit, 2
confidence, 2
giant, 2
lying, 2
brian, 2
0, 2
sausage, 2
inhale, 2
kindness, 2
asshole, 2
tight, 2
minaj, 2
morons, 2
shell, 2
"casins", 2
gallon, 2
"enjoyin", 2
goal, 2
attacks, 2
"(cmon)", 2
(woo), 2
enemy, 2
candy, 2
rapper
, 2
walmart, 2
"lickin", 2
slash, 2
michael, 2
homie
, 2
boyfriend, 2
palm, 2
crawl, 2
describe, 2
squashed, 2
coke
, 2
town, 2
denaun, 2
"cos", 2
red, 2
dozen
, 2
brothers
, 2
date, 2
accident, 2
poor, 2
whore, 2
company, 2
cunt, 2
warning
, 2
half
, 2
weather, 2
poke, 2
curb, 2
burning, 2
steal, 2
survive, 2
hopeless, 2
climb, 2
foot, 2
prison, 2
cell, 2
wings, 2
wheels, 2
studio, 2
hanging, 2
trophies, 2
knees
, 2
brought, 2
"yall
", 2
resolve, 2
cops, 2
ladies
, 2
cabbage, 2
composure, 2
ja, 2
beyond, 2
energy, 2
build, 2
intentions, 2
respect
, 2
knowing, 2
smash, 2
owner, 2
inherited, 2
"elses", 2
artist, 2
squad, 2
silly, 2
leaders, 2
crooked, 2
snuck, 2
"headll", 2
beddy, 2
bye, 2
spin
, 2
beams, 2
kidding, 2
swag, 2
rare, 2
dancing, 2
tac, 2
axe, 2
knives
, 2
pig, 2
nachos, 2
will
, 2
faced, 2
mama
, 2
refrigerator, 2
serial, 2
woods, 2
syrup, 2
ending, 2
anything
, 2
impaled, 2
berserk), 2
crank, 2
bird, 2
em
, 2
right?, 2
die
, 2
cases, 2
angel, 2
staying, 2
stones, 2
holes, 2
nemisis, 2
media
, 2
inherit, 2
share, 2
current, 2
backs, 2
banks
, 2
cashis, 2
ferrari, 2
pistol, 2
rep, 2
splattered, 2
pretend
, 2
didnt, 2
wiped, 2
powdered, 2
husband, 2
up?), 2
cheating, 2
eighteen, 2
bite, 2
(yes!), 2
hey!, 2
going?, 2
page, 2
puppy, 2
backs
, 2
forever
, 2
square, 2
mind
, 2
army, 2
plays, 2
congress, 2
government, 2
sits, 2
math, 2
graduate, 2
produced, 2
connected, 2
rope, 2
poster, 2
america, 2
steps, 2
cab, 2
chain, 2
angles, 2
veins, 2
retarded?, 2
level, 2
slam, 2
train, 2
tracks
, 2
third, 2
dogg], 2
grindin, 2
bobby
, 2
dj, 2
hammer, 2
juice, 2
drinks, 2
stops, 2
dogg-, 2
chorus], 2
"o", 2
sucked, 2
chainsaw
, 2
blades, 2
baseball, 2
ping, 2
pong, 2
lawn, 2
melting, 2
sin, 2
pit
, 2
robin, 2
slob, 2
throbbing, 2
spread, 2
hockey, 2
versace
, 2
humble, 2
7, 2
jewelry, 2
lamp, 2
dice, 2
passion, 2
no), 2
phase, 2
woman
, 2
see
, 2
pile, 2
purpose, 2
ambulance, 2
fly
, 2
knee, 2
cycle, 2
motorbike, 2
deeper, 2
empty
, 2
nighquil, 2
salivate, 2
ache, 2
vicodin, 2
ambian, 2
stone, 2
fake, 2
oh!, 2
panic, 2
ya?, 2
(nigga, 2
st., 2
"andrews", 2
at?), 2
odd, 2
"parkin", 2
posted, 2
bullet, 2
"shootin", 2
bouncer, 2
roxanne, 2
interview, 2
soundcheck, 2
(hey, 2
d12
, 2
underpants, 2
wolves, 2
gate, 2
nah
, 2
sight, 2
mariah
, 2
poppins
, 2
early
, 2
embarrassing, 2
bars
, 2
mariah, 2
sweet, 2
cuts, 2
need?, 2
lane
, 2
bolt, 2
wheel, 2
odds, 2
soap
, 2
grill, 2
arenas
, 2
bums, 2
"lil", 2
musta, 2
manning
, 2
eli, 2
(manning
, 2
roman!, 2
steel, 1
knife
, 1
windpipe, 1
huffing, 1
suffocate, 1
resuscitates, 1
"aint
", 1
lois, 1
awful, 1
ashamed
, 1
snapped
, 1
stoop, 1
fuzzy, 1
feeling
, 1
chills
, 1
swore, 1
spewing, 1
venom
, 1
push
, 1
claw
, 1
pin, 1
moments
, 1
culprit
, 1
controls, 1
best
, 1
records
, 1
promised, 1
restraint, 1
chance
, 1
nintendo, 1
window
, 1
pane, 1
patterns, 1
routine
, 1
"tempers", 1
volcano, 1
much
, 1
inside
, 1
sincerity
, 1
eyeball, 1
pissed
, 1
apologize, 1
lies, 1
spiralled, 1
duck
, 1
lightening
, 1
fighters, 1
fighting
, 1
skyward, 1
king..., 1
"games", 1
nipple, 1
milking
, 1
"till", 1
kills, 1
disagree?, 1
refusing, 1
using., 1
excuses., 1
pardon, 1
cocks, 1
crock-of-shit, 1
kid
, 1
opposite, 1
pricks, 1
sat
, 1
luster, 1
lacked
, 1
flustered, 1
mustard
, 1
muster, 1
fuzzy
, 1
"buzzin
", 1
buzzards, 1
hussy, 1
fusses
, 1
make?, 1
skulls, 1
rib, 1
forward, 1
"bics", 1
"59′", 1
"68″", 1
[royce, 1
5\9"], 1
advance, 1
toting, 1
buying, 1
homies, 1
audi, 1
tears
, 1
"careers", 1
"lebrons", 1
20, 1
hour
, 1
hour, 1
wacky, 1
cat, 1
meoww
, 1
classic, 1
pacquiao, 1
doomed, 1
t-pain, 1
itself
, 1
autotunes, 1
aston, 1
kwame, 1
kilpatrick, 1
fantastic, 1
"gossipin", 1
"buggin", 1
wendy, 1
staring, 1
bee-hive, 1
bruno, 1
mtv, 1
gag, 1
shi-i-i-i-ine, 1
trice, 1
gimmicks, 1
monster
, 1
liver, 1
quicker, 1
shocked, 1
cooperating, 1
(hey), 1
ovulating, 1
"husbands", 1
complicating, 1
f-c-c, 1
settled, 1
lawsuits
, 1
debbie!", 1
hellions, 1
rebellious, 1
embarrassed
, 1
prisoners, 1
helpless, 1
mission, 1
yells, 1
"bitch!", 1
visionary
, 1
scary
, 1
revolution
, 1
"pollutin", 1
waves
, 1
rebel, 1
revel, 1
bask, 1
kissing, 1
catastrophe, 1
kshh, 1
fix, 1
antenna
, 1
tune, 1
enter, 1
"endin", 1
splinter, 1
winter, 1
interesting
, 1
wrestling, 1
infesting, 1
nesting, 1
"testing, 1
please", 1
mentions, 1
cents
, 1
cents, 1
nuisance
, 1
sent
, 1
a-tiskit, 1
a-taskit
, 1
tit, 1
chris, 1
kirkpatrick
, 1
limp, 1
bizkit, 1
moby
, 1
bald, 1
fag
, 1
listens, 1
techno, 1
suspenseful, 1
prince, 1
symbol, 1
disgusting, 1
presley, 1
selfishly, 1
(hey!), 1
wealthy, 1
concept, 1
emerged, 1
fish, 1
sea, 1
slump, 1
dump, 1
bruises
, 1
lumps, 1
psyched, 1
distant, 1
decided, 1
vent
, 1
grips
, 1
wallow, 1
sorrow
, 1
follow
, 1
copy
, 1
humor, 1
tense, 1
gloom, 1
temperature, 1
avoid, 1
contact, 1
conversation
, 1
blend, 1
restroom, 1
manservant, 1
haha, 1
comedian
, 1
unfortunately, 1
tale, 1
cards, 1
help
, 1
moaned, 1
unpack, 1
prayed, 1
aunt, 1
edna, 1
lesson, 1
impress, 1
based, 1
description, 1
tens, 1
babies., 1
strong., 1
corny
, 1
straighten, 1
sad
, 1
smile
, 1
eyes
, 1
prayers, 1
crying
, 1
uncles, 1
spins
, 1
swirls, 1
whirls
, 1
twirls, 1
daze, 1
move
, 1
"mamas", 1
sheltered, 1
backfires, 1
teenagers, 1
destiny, 1
presents, 1
lived, 1
robbed, 1
saving, 1
jar, 1
piggy, 1
bank, 1
college, 1
chalmers, 1
novara, 1
california, 1
flew, 1
t.v., 1
stone
, 1
habit, 1
reminiscing, 1
pictures
, 1
sisters, 1
shh
, 1
birdies, 1
jeweler, 1
carat, 1
expression
, 1
armor, 1
bites, 1
spite, 1
main, 1
made", 1
"dad\s, 1
plane", 1
mommy?, 1
underdog
, 1
image, 1
rock-a-bye, 1
"pushin", 1
swing
, 1
"screamin
", 1
"you\re, 1
cryin\", 1
"baby
, 1
mine", 1
"pilin", 1
boxes, 1
pocket
, 1
pulls, 1
tiny, 1
necklace, 1
locket, 1
ya", 1
"talkin
", 1
"sayin
", 1
late", 1
spotlight, 1
sixty, 1
closes
, 1
roses, 1
comin, 1
glance, 1
"seein", 1
"daddy
, 1
bleedin\", 1
sweden, 1
sweden?, 1
coin
, 1
says, 1
coin", 1
goin\", 1
choice, 1
will!, 1
real", 1
applause
, 1
darkens
, 1
flashes, 1
crashes
, 1
"clocks", 1
ringing
, 1
birds, 1
"swingin", 1
smiles, 1
winks, 1
doubts, 1
creep, 1
grey, 1
hope
, 1
sees, 1
wack
, 1
lowest, 1
breathed, 1
dawned, 1
son
, 1
fighting, 1
brighten, 1
enlighten, 1
realise, 1
slightest, 1
crew
, 1
sidekick, 1
options
, 1
struggle
, 1
pieces
, 1
opinions
, 1
"questionin", 1
"guessin", 1
leader
, 1
mentor, 1
endure, 1
label
, 1
booth, 1
repay, 1
"dyin
", 1
(a, 1
life), 1
yesterday
, 1
suit
, 1
cracked, 1
fair-weather, 1
backstabbers
, 1
chips, 1
laughed, 1
indecisive, 1
crack
, 1
"crackers", 1
math
, 1
producers
, 1
"packin", 1
scream
, 1
"dre
, 1
man!", 1
repeat, 1
pam, 1
tommy, 1
"whoopin", 1
divorced, 1
throwing, 1
furniture, 1
kidding
, 1
idiots, 1
"dres", 1
feminist, 1
eminem
, 1
"flippin", 1
"yeah
, 1
though", 1
screws, 1
"parents", 1
bedrooms, 1
loose
, 1
"cant
", 1
moose, 1
deliver, 1
"womens", 1
clitoris, 1
intercourse, 1
4th, 1
grade
, 1
discovery, 1
mammals
, 1
cannibals
, 1
cantaloupes., 1
animals, 1
antelopes, 1
elope, 1
antidote., 1
pantyhose
, 1
smith, 1
grammy?, 1
weird?", 1
spears., 1
christina, 1
aguilera, 1
chairs, 1
carson, 1
daly, 1
fred, 1
durst, 1
first., 1
"yeah, 1
download, 1
audio, 1
mp3, 1
v.d., 1
groups, 1
annoy, 1
walk
, 1
sugar, 1
(rip), 1
albums, 1
valiums
, 1
nursing, 1
flirting., 1
pinching, 1
nurses, 1
asses, 1
"jackin", 1
jergens, 1
jerking
, 1
viagra, 1
working, 1
"lurkin", 1
burger, 1
spitten, 1
onion, 1
rings, 1
circling
, 1
fingers, 1
haha
, 1
oceans, 1
"explodin", 1
"flarin", 1
"kickin", 1
"mornin", 1
"evenin", 1
goodbye?, 1
mistakes, 1
him;, 1
"show", 1
"dissin", 1
"witnessin", 1
"bitchin", 1
throuh, 1
"missin", 1
"housin", 1
"munchausens", 1
funeral, 1
wildflower, 1
world"
, 1
vouchers, 1
sweets
, 1
smoking, 1
vows, 1
bottles, 1
bibles, 1
expecting, 1
outweighing, 1
beam, 1
sticking, 1
skipping, 1
scenes
, 1
semi-cartermatic, 1
cage
, 1
beast, 1
safe
, 1
g-code, 1
weezy, 1
bleed, 1
peephole, 1
perk, 1
spaz, 1
pen
, 1
sicker, 1
most
, 1
stiff
, 1
caution, 1
wind
, 1
complete, 1
freedom
, 1
rappers
, 1
join, 1
pussies, 1
cocksuckers, 1
kanye, 1
tight
, 1
thump, 1
fellow, 1
ignite, 1
sparks, 1
metal, 1
cold-hearted, 1
bogarted, 1
fellow
, 1
harshest, 1
roasted, 1
marsh, 1
mellow, 1
toppling, 1
monopoly, 1
board, 1
spit
, 1
fools, 1
drool, 1
dribble, 1
stride
, 1
momentum, 1
opponent, 1
mercy
, 1
relentless, 1
(love), 1
tired
, 1
search, 1
within, 1
inner, 1
quitter
, 1
spilling, 1
pinning, 1
webs, 1
hock, 1
penicillin, 1
"illin", 1
amoxicillin, 1
minimal, 1
swap, 1
millions, 1
listeners, 1
shock
, 1
fizzing, 1
shizzle, 1
whizzle, 1
bizzles, 1
slizzle, 1
magic, 1
wits, 1
list
, 1
in;, 1
reggie
, 1
jay-z
, 1
tupac, 1
biggie, 1
outkast
, 1
jada
, 1
kurupt
, 1
envy, 1
"nothings", 1
bothering, 1
"presss", 1
whitney
, 1
props, 1
reserved, 1
hearts, 1
clever, 1
sporadic
, 1
"rappers", 1
launching, 1
battling, 1
status, 1
baddest, 1
roof), 1
off), 1
legs), 1
(underneath, 1
i), 1
dog?, 1
gangster?, 1
"names", 1
halfway, 1
cranbrooke, 1
capella, 1
relationship
, 1
babysit?, 1
"savin", 1
hip
, 1
names
, 1
puss, 1
nice?, 1
mariah?, 1
buddy, 1
attend, 1
partying, 1
two?, 1
phased
, 1
anyway
, 1
jade, 1
tattoo
, 1
rot, 1
"pieces", 1
partial, 1
arsenal, 1
stool, 1
prints, 1
lordy-wody, 1
anthrax, 1
tampax, 1
plans, 1
lust, 1
torturous
, 1
sorceress, 1
gained, 1
games, 1
dangerous
, 1
"evol", 1
spell, 1
chosen, 1
snow, 1
whatsoever, 1
"mofuckin", 1
hos, 1
bloodsucking, 1
succubuses
, 1
department, 1
sucks, 1
emotional, 1
rollercoaster, 1
explosion, 1
supernova
, 1
takes
, 1
shakes, 1
zero, 1
boundaries, 1
lengths, 1
contest, 1
fate, 1
take
, 1
chase
, 1
open
, 1
"(cause", 1
a), 1
months
, 1
hurts
, 1
mistreated, 1
poured, 1
guards, 1
lap
, 1
"pleadin", 1
possible, 1
stream, 1
cheeks, 1
temple
, 1
adored, 1
belly-dancer, 1
nelly, 1
jams, 1
being!, 1
needs!, 1
resisting, 1
arrest
, 1
agreeing, 1
officer!, 1
further
, 1
murderer
, 1
yes
, 1
r&b;
, 1
ring-a-chong
, 1
a-ching-chong-chong-chong-ching, 1
joke!, 1
keed!, 1
offend
, 1
sorry!, 1
forgive!, 1
triumph, 1
mere, 1
tempting, 1
everytime, 1
mtv
, 1
mary-kate, 1
ashley, 1
wholesome, 1
older
, 1
bum-bums, 1
movies, 1
popcorn, 1
geez
, 1
seat!, 1
ticket
, 1
"zippers", 1
zipped!, 1
remove, 1
theatre
, 1
"kates", 1
wee, 1
herman
, 1
"movies", 1
pg, 1
attorney, 1
plead, 1
innocent
, 1
plea
, 1
"lawyers", 1
michael
, 1
busy?, 1
spears, 1
hilary, 1
duff, 1
year
, 1
dances, 1
go-go, 1
video
, 1
sings
, 1
"get, 1
boyfriend!", 1
hi
, 1
jojo, 1
computers, 1
seized, 1
ranch
, 1
cookies, 1
lookie
, 1
whiff, 1
jesus, 1
juice
, 1
"pee-pee", 1
janet
, 1
breast?, 1
tit!, 1
keed, 1
working
, 1
flee, 1
quick!, 1
chopper
, 1
ah-nuld
, 1
dowwwn!, 1
gwen, 1
stefani
, 1
contortionist, 1
condom, 1
abortion, 1
fucks, 1
porn, 1
star
, 1
jenna
, 1
gonna
, 1
rubbers, 1
soft
, 1
"lettin", 1
squirting, 1
"fackin
", 1
cam!, 1
pow
, 1
mr, 1
freaky
, 1
3-way
, 1
threesome
, 1
horny, 1
babe, 1
shave!, 1
am!, 1
cam
, 1
gas
, 1
fast!, 1
hurts!, 1
oww, 1
gerbil
, 1
tube
, 1
rascal, 1
uhh
, 1
crawling, 1
good!, 1
boring
, 1
post-mortem, 1
unfolds, 1
phifer
, 1
prima, 1
donna, 1
monotony, 1
shot., 1
zigzags, 1
bag
, 1
meanest, 1
birth, 1
blurt, 1
sells, 1
relieve, 1
dispensing, 1
stress, 1
recently, 1
peacefully, 1
decency, 1
freaks, 1
"mr.n", 1
sync, 1
mr.friendly
, 1
prick
, 1
tempt, 1
lifting, 1
air
, 1
jaw, 1
lawyer, 1
file, 1
lawsuit
, 1
courtroom, 1
wardrobe, 1
constant
, 1
content!", 1
"guilty, 1
conscience", 1
rotten, 1
responses, 1
points, 1
index, 1
pinky, 1
thumb
, 1
"dudes", 1
bullied, 1
marilyn, 1
heroin
, 1
tragedy
, 1
fuel, 1
"burnin", 1
admired, 1
fired, 1
pigeon, 1
poppy, 1
sensations, 1
rotation, 1
"n", 1
stations, 1
caucasians, 1
wigga, 1
accent, 1
who
, 1
tearing, 1
racing
, 1
pacing
, 1
thankful, 1
buzzed
, 1
crunked
, 1
rubbed, 1
sucked
, 1
wasted
, 1
faceted, 1
pasted
, 1
blasted
, 1
puke, 1
sink
, 1
routine, 1
chunks, 1
shoestring, 1
dehydrated, 1
vibrated, 1
revibed, 1
gyrated, 1
hips, 1
toilet, 1
dentist
, 1
oral, 1
hygienist, 1
fluoride, 1
swish, 1
d-o, 1
"ds", 1
bubbuly
, 1
jeans, 1
mine?, 1
freaky, 1
"bout", 1
oho, 1
whoa-ho
, 1
val-i-um., 1
peas, 1
sprinkled, 1
under-a-fucking-chiever, 1
"stickin", 1
misses, 1
ether, 1
"fuckers", 1
reefer, 1
neither
, 1
"buzzin", 1
tea-cup?, 1
keeper, 1
zebra, 1
dinner
, 1
thinner, 1
complaints, 1
painkillers, 1
fucker
, 1
"tastin", 1
plate
, 1
"spinnin", 1
"thanksgiving", 1
rack, 1
witnessed, 1
kid., 1
party-animal, 1
lasts, 1
chewing, 1
tragedy, 1
passin, 1
acquainted, 1
pharmaceuticals, 1
aspirin, 1
headache, 1
snack?, 1
brat?, 1
xanax., 1
nap
, 1
gobble, 1
"wobblin", 1
stumble, 1
hobble, 1
tumble, 1
meds, 1
ledger, 1
bobblehead, 1
[rabbit], 1
uplook
, 1
1pac
, 1
2pac
, 1
4pac
, 1
2pacs
, 1
pac;, 1
jumped
, 1
dawg
, 1
gangster;, 1
"crooks", 1
cappella, 1
outtie
, 1
dyed, 1
earrings, 1
bearing, 1
allows, 1
swearing, 1
zone
, 1
child
, 1
whacked
, 1
black
, 1
brainwashed, 1
sags, 1
rags, 1
stocking, 1
socked, 1
nose
, 1
control
, 1
entertainment, 1
changing
, 1
"intertwining", 1
gangsters, 1
killers
, 1
"sinners", 1
sanctum, 1
holy, 1
unholy
, 1
lonely
, 1
degrade
, 1
worse
, 1
teach, 1
statement, 1
stores, 1
metamorphosis, 1
happen?, 1
porches, 1
fortune
, 1
crucify, 1
journalists, 1
attorneys, 1
dime, 1
canon, 1
dispute
, 1
hesitate, 1
produce, 1
handguns, 1
prosecutors, 1
convict, 1
quickly, 1
"listenin", 1
religiously, 1
fingerprint, 1
judges, 1
political
, 1
literal, 1
girl?, 1
"couldnt
", 1
guerrera
, 1
alter, 1
moods, 1
assault, 1
pistols, 1
"cus", 1
"protectin", 1
entertainers
, 1
affecting, 1
ignoramus, 1
reflection, 1
checks, 1
pinup, 1
idolize, 1
wishing, 1
record
, 1
moment
, 1
freeze, 1
consider, 1
spirits, 1
{lotto}, 1
racial, 1
slur, 1
honky, 1
sew, 1
horror, 1
movie., 1
interest, 1
"livin.", 1
joining, 1
kkk, 1
{b, 1
rabbit}, 1
ward
, 1
eddie, 1
hasko
, 1
wally
, 1
cleaver, 1
paranoid, 1
steroid, 1
bah, 1
bloo, 1
hipidi, 1
hoo, 1
bla, 1
boob, 1
meat, 1
attention
, 1
sayin, 1
suspensful, 1
cyclone, 1
motto, 1
digits, 1
dollar, 1
tomorrow(ohhhhhhhhh), 1
eddie
, 1
twenty-three, 1
decides, 1
rob, 1
homes), 1
suddenly
, 1
this), 1
drawer, 1
consequence, 1
(but, 1
you?), 1
nonsense!, 1
gaffle, 1
"aunts", 1
cribs, 1
dress
, 1
wigs, 1
"renees", 1
razor, 1
clerk
, 1
george, 1
shit!, 1
rich?, 1
dies?, 1
bitch?, 1
kids?, 1
risk, 1
right!), 1
(stop!), 1
biscuit, 1
will!), 1
attitude), 1
minute), 1
(mm
, 1
know!), 1
(look, 1
(yo
, 1
right?), 1
ok), 1
twenty-one, 1
old., 1
(give, 1
kiss!), 1
rave, 1
bedroom., 1
(shit!), 1
cheek, 1
"smearin", 1
lipstick
, 1
"bitchs", 1
earlobe, 1
(yo!, 1
advantage, 1
fair), 1
bush
, 1
hair?, 1
(uh, 1
huh!), 1
bare, 1
(man
, 1
"kid"), 1
porno, 1
sundoobiest!, 1
(shit
, 1
hauled, 1
jail?), 1
bail, 1
twenty-nine, 1
construction, 1
worker., 1
"days", 1
man., 1
fuck!), 1
(grady!), 1
"cheatin", 1
"slittin", 1
wait!, 1
explanation, 1
(what?, 1
tripped?, 1
fell?, 1
landed, 1
dick?), 1
grady, 1
okay!, 1
smart
, 1
dee, 1
barnes?, 1
"(whats", 1
wrong?, 1
remember?), 1
motherfucker!, 1
uh-ah!, 1
temper, 1
temper!, 1
n.w.a.?, 1
ak, 1
violent?, 1
route, 1
"sayin?", 1
pajama, 1
kiddies
, 1
molestation, 1
accusation, 1
"pappas", 1
toys, 1
possibly, 1
touched, 1
micheal, 1
metaphor
, 1
slide, 1
toes, 1
glide, 1
t-p, 1
bung, 1
"whod", 1
"poot, 1
poot"
, 1
(fart, 1
sound), 1
c-d, 1
skipped, 1
monday
, 1
"everydays", 1
holiday, 1
"crusin", 1
breezy, 1
someones, 1
miss
, 1
jerk, 1
stressed, 1
gouge, 1
goggles
, 1
blind, 1
unwind, 1
tuesday, 1
street, 1
honor, 1
guilty, 1
"touch, 1
body", 1
intense
, 1
reality, 1
b.rabbit, 1
battle?, 1
teletubie, 1
(nut)
, 1
skinny, 1
romance, 1
squeezing, 1
"appeasin", 1
"oceans", 1
exploding, 1
flaring, 1
"dont.", 1
mistakes
, 1
show", 1
bitching, 1
missing, 1
housing, 1
"munchhausens", 1
funeral!, 1
mom!, 1
be!, 1
"(dreamin
", 1
fallin
, 1
"dreamin
", 1
"fallin)", 1
"98", 1
lunch, 1
trays, 1
hoping, 1
deal
, 1
re-know, 1
(ok), 1
(b.o.b), 1
sang, 1
stages, 1
imagination, 1
classes, 1
runaway, 1
blackness, 1
all-good, 1
starring, 1
notebook, 1
neighbors, 1
b.o.b, 1
a.k.a, 1
mixtapes, 1
videos, 1
myspace, 1
wishes, 1
gone), 1
procrastinated
, 1
gymnasium, 1
dreaming, 1
alien, 1
haley, 1
w-i-c, 1
chorus
, 1
popular, 1
zantac, 1
"ant-acid", 1
tackle, 1
task, 1
feel
, 1
fantastic
, 1
grand?, 1
masses, 1
kardashians, 1
gluteus, 1
maximus, 1
squish, 1
nasty, 1
lesbian, 1
lindsay, 1
"samanthas", 1
two
, 1
enforcer
, 1
torture, 1
cutest, 1
charlie, 1
horse, 1
portia
, 1
ellen, 1
degeneres, 1
tenderness?, 1
gentle, 1
smooth, 1
gentleman, 1
ventolin, 1
inhaler, 1
excedrin, 1
invite, 1
sarah, 1
palin, 1
nail, 1
"baby", 1
hello, 1
"friend", 1
brit, 1
ritalin, 1
binge, 1
men
, 1
mention
, 1
"jennifers", 1
john, 1
mayer, 1
bench, 1
mile
, 1
without
, 1
checking, 1
deny, 1
sprout, 1
alfalfa, 1
filthy, 1
finesse, 1
nostalgia, 1
gal, 1
alba, 1
wowzers
, 1
trousers, 1
pink, 1
alf, 1
shrinked, 1
assure
, 1
"supermans", 1
blake, 1
rehab, 1
back!, 1
2020
, 1
gentlemen, 1
fo, 1
corner
, 1
weighing, 1
seventy, 1
seventeen, 1
rapes
, 1
assaults
, 1
murders, 1
undisputed
, 1
diabolic, 1
andre
, 1
giant
, 1
elephant, 1
tusk, 1
sons, 1
butt., 1
cheese, 1
disgusts, 1
redeem, 1
mushed, 1
lust., 1
cup., 1
us., 1
worcestershire, 1
sauce, 1
perfect
, 1
nursery, 1
elementary., 1
elephants, 1
entered, 1
venture, 1
mention, 1
vengeance, 1
symbol., 1
"trios", 1
gentlemen
, 1
"theyre
", 1
my!, 1
trey, 1
itch, 1
la, 1
dammed
, 1
crashed, 1
carlo
, 1
camino, 1
dorado, 1
leather, 1
seats, 1
vinyl?, 1
decisions
, 1
decisions, 1
precision, 1
collision, 1
maaco, 1
quake, 1
waco, 1
speakers, 1
pleasure, 1
introducing
, 1
cent!, 1
napalm, 1
reigned, 1
shaun, 1
caking, 1
stunt, 1
burgundy, 1
classy, 1
jimmy, 1
choo, 1
mothefucking, 1
dawg?, 1
gangster
, 1
acapella, 1
outty
, 1
chasing, 1
understands, 1
sacrifices, 1
granted, 1
command, 1
totally, 1
devoted, 1
faithful, 1
repaid, 1
baggy, 1
sweats
, 1
perfectness, 1
staircase, 1
depth, 1
wept, 1
hows, 1
neglected, 1
unfortunate, 1
fold, 1
loyal, 1
moonlight, 1
serving, 1
divorcing, 1
marry, 1
freedom, 1
special?, 1
helplessness, 1
imprisoned, 1
addictive, 1
vindictive, 1
stress
, 1
blessed, 1
abyss, 1
spoke, 1
"hi!", 1
anytime, 1
modern-day, 1
genghis, 1
khan, 1
entertainment
, 1
gangsta?, 1
naw
, 1
courageous, 1
soft, 1
az, 1
nas
, 1
claws, 1
fangs, 1
instant, 1
ingrained, 1
shitstain, 1
unlearn, 1
game?, 1
pondered, 1
part
, 1
ungrateful, 1
disrespect, 1
artform, 1
loss, 1
rub, 1
"pluggin
", 1
kabillion, 1
rhyme?, 1
story?, 1
once
, 1
appearance
, 1
world?, 1
spawns, 1
spark
, 1
harness, 1
reins, 1
fuck", 1
park?, 1
closing, 1
playful, 1
recycling, 1
2", 1
"mothafuckin", 1
indulgent, 1
lows, 1
highs, 1
demise, 1
uprise
, 1
opened, 1
supplies, 1
tools, 1
hopefully, 1
balance, 1
eggshells, 1
shady-mania
, 1
dreamt, 1
accepted, 1
represent, 1
similar
, 1
forward
, 1
a-holes, 1
salt, 1
nips, 1
falls, 1
paid
, 1
1998, 1
2-5, 1
vibe
, 1
voodoo, 1
program, 1
assistance, 1
banned, 1
persistence, 1
pays, 1
holds, 1
praised, 1
"shakin", 1
jerry, 1
lewis, 1
"shinin", 1
coal, 1
"hangin", 1
bowl, 1
hash
, 1
pockets, 1
"sippin", 1
wa, 1
diddy, 1
karat, 1
triggers, 1
"cockin", 1
r, 1
o, 1
c, 1
cancer, 1
topless, 1
dancers, 1
senna, 1
indy, 1
strive, 1
perfection
, 1
homo, 1
soho, 1
arizona, 1
"dreamin", 1
wynonna, 1
roam, 1
country, 1
greyhound, 1
lust
, 1
peter, 1
pan
, 1
fairies, 1
virgin, 1
cherries, 1
harry, 1
carey, 1
brag
, 1
boast, 1
switched, 1
script, 1
"76
", 1
breath
, 1
belongs, 1
hippy, 1
spike, 1
joints, 1
drugs
, 1
trucker
, 1
fuckers, 1
"dancin", 1
"touchin", 1
perception, 1
sketchy, 1
dive, 1
"shrooms", 1
cars, 1
"losin", 1
guitars, 1
rules
, 1
fool, 1
teenager, 1
pour, 1
headfirst, 1
hurt
, 1
brunt, 1
far?, 1
regardless, 1
ma!, 1
calling
, 1
atomic, 1
chemical, 1
warfare, 1
agree, 1
disagree, 1
degrees, 1
eve, 1
(little, 1
coat
, 1
goats, 1
throats?, 1
(nope), 1
shine
, 1
belongings, 1
"grandmas", 1
oldest
, 1
fixable, 1
changeable, 1
remained, 1
remain, 1
grand, 1
growth, 1
"cleaning", 1
"closet
", 1
rightfully, 1
medications, 1
mental, 1
deteriorating, 1
care
, 1
bare
, 1
debbie, 1
tangled, 1
web, 1
deadbeat, 1
address, 1
mattress
, 1
cactus, 1
collection, 1
maps, 1
edge, 1
atlas, 1
"asss", 1
chimney, 1
dressed, 1
santa
, 1
hamburgers, 1
nate
, 1
introduced, 1
overwhelming, 1
sadness, 1
paths
, 1
accept, 1
tribute, 1
chest
, 1
stewardess, 1
fasten, 1
belt
, 1
crashing, 1
afar, 1
cost, 1
cruel, 1
wired?, 1
martian?, 1
experiment, 1
scoffing, 1
authority
, 1
defying, 1
non, 1
complying, 1
shy, 1
psychologist, 1
trynna, 1
diagnose, 1
underlying, 1
chalking, 1
drawings, 1
hiding, 1
quiet, 1
sobbing, 1
cocksucker, 1
shoved, 1
locker, 1
fall
, 1
savior, 1
wars, 1
fought, 1
wired, 1
nogging?, 1
sporadic, 1
boggling, 1
obsess, 1
sayonara, 1
batteries, 1
acquired, 1
parts, 1
tires, 1
offers, 1
bulb, 1
"jottin", 1
tryina, 1
comics
, 1
onyx, 1
"fights", 1
iconic
, 1
phife, 1
tribe, 1
quest, 1
"wireds", 1
awesome, 1
connect, 1
crosswords, 1
"enemys", 1
from
, 1
sacks, 1
horseshit, 1
dawkins, 1
versus, 1
16, 1
lions, 1
offense, 1
giants, 1
falcons, 1
miami, 1
dolphins, 1
supplying, 1
coffins, 1
dicks
, 1
kiss
, 1
baldingers, 1
licker, 1
diabolical, 1
dialogue, 1
99, 1
"pigsll", 1
saucer, 1
italian, 1
exalting, 1
halting, 1
exhaustion, 1
exhaust, 1
fumes, 1
island, 1
autobahn, 1
autopilot, 1
dirt
, 1
natural, 1
"personas", 1
warned, 1
uniform, 1
socks
, 1
bottoms, 1
bloomers, 1
horn, 1
unicorn, 1
niggers, 1
intellect, 1
slow
, 1
"claimin", 1
"bangin
", 1
"flamin", 1
deaded, 1
resurrected, 1
dyke, 1
"types", 1
"80s", 1
"90s", 1
navy
, 1
bradys, 1
kites, 1
daily, 1
"ice
", 1
ice
, 1
"baby
", 1
pair, 1
dice
, 1
fullest, 1
swayze, 1
nice
, 1
(damn), 1
"dames", 1
heinous, 1
anus), 1
asylum, 1
razor-sharp
, 1
capital, 1
exclamation, 1
linguistics, 1
mystical, 1
statistic, 1
soccer, 1
ballistics, 1
"poets", 1
relaxed, 1
orbit, 1
captain, 1
morgan, 1
organs, 1
euphoric
, 1
endorphins, 1
pact, 1
says
, 1
"i\ll, 1
shovel
, 1
corpses, 1
kevorkian", 1
"back", 1
fork, 1
infinite, 1
tenement
, 1
serenity, 1
powers, 1
"enterin", 1
vicinity, 1
spitted, 1
giddy-up
, 1
t-t-trailer, 1
t-t-town, 1
s-st-stutter
, 1
motherfucker?, 1
mall, 1
d-d-down, 1
a-r-r-round, 1
"59", 1
[unverified], 1
underwater, 1
d-dr-drown, 1
shawty
, 1
captivated, 1
agitated
, 1
aggravated, 1
decapitated, 1
case
, 1
"fascinatin", 1
"away", 1
affidavit, 1
graduated, 1
debater, 1
masturbator, 1
jackson, 1
activator, 1
"meanin", 1
data, 1
verbal, 1
tractor-trailer, 1
normally, 1
hater, 1
tax, 1
evader, 1
(homie
, 1
spent), 1
sack, 1
crack-a-lator, 1
ejaculator, 1
player, 1
"exaggeratin", 1
cool
, 1
calm
, 1
mischief, 1
sleeve, 1
christopher, 1
reeves, 1
hit
, 1
moshpit
, 1
shrooms, 1
hallucinate, 1
dumber, 1
bounce, 1
ounce, 1
weed
, 1
dumbass
, 1
bullshit
, 1
throws, 1
bizarre
, 1
passing, 1
drawn, 1
von
, 1
"steppin", 1
leprechauns?, 1
acid
, 1
x, 1
parmesian, 1
numb, 1
young
, 1
fulla, 1
substance, 1
equals, 1
cuffs, 1
mescaline, 1
"(thats", 1
ill), 1
stilts, 1
snort, 1
chalk, 1
wanna
, 1
rollerblade, 1
oki, 1
dok, 1
choke?, 1
trojan, 1
infant, 1
crazy), 1
swallowing, 1
shrooms?, 1
crack?, 1
jobs, 1
rap?, 1
hijacked, 1
(swift
, 1
chill), 1
shrooms
, 1
vacuums, 1
rave
, 1
slave, 1
gin, 1
tonic, 1
demonic, 1
smelt, 1
"poppin
", 1
"droppin
", 1
heroine, 1
mescaline
, 1
try?, 1
seals
, 1
kill
, 1
right), 1
rising, 1
reminder, 1
brighter, 1
process, 1
rebuilding, 1
progress, 1
chapter
, 1
enormous, 1
thunderstorm, 1
thorn, 1
bush, 1
roses
, 1
focused, 1
brightside
, 1
pedal, 1
fast
, 1
asserted, 1
learning, 1
curve
, 1
steer, 1
swerve, 1
avert, 1
lucky
, 1
permanent, 1
damage, 1
casket
, 1
converted, 1
gasoline, 1
past
, 1
inferno, 1
chant, 1
familiarize, 1
weep, 1
bleak, 1
seeking
, 1
"keepin", 1
"leapin", 1
motherfreaking, 1
pulling, 1
"healin", 1
resilience, 1
building
, 1
sealed, 1
fireproof, 1
retardant, 1
withstood, 1
"chillin", 1
heel, 1
"ceilin", 1
passes
, 1
wounds
, 1
wounds, 1
heal, 1
scars, 1
remaining, 1
"todays", 1
beneath, 1
perspire, 1
exhale, 1
sigh, 1
relief, 1
grief, 1
melt, 1
extinguished, 1
dies
, 1
burn
, 1
rising
, 1
phoenix, 1
o.g., 1
low-key, 1
cheese
, 1
boats
, 1
snowmobiles
, 1
skis, 1
groceries, 1
plaques
, 1
freeze
, 1
oldies, 1
"eazy-es
", 1
cubes
, 1
"d.o.cs", 1
"d-o-double-gs", 1
motherfuck, 1
bump, 1
stroll, 1
sales, 1
closely
, 1
firm, 1
flopped
, 1
bloodier, 1
study, 1
n.w.a, 1
strangled, 1
karl, 1
kani, 1
dodge, 1
humongous, 1
two-car, 1
loud-ass, 1
barking, 1
stood, 1
matches, 1
ii, 1
"tomorrows", 1
anew, 1
loco, 1
charleston, 1
twin, 1
babies, 1
temp, 1
mid-80s, 1
disease, 1
crumb, 1
gangstas, 1
mold, 1
millennium, 1
jungle, 1
habitat, 1
savage, 1
strapped, 1
gats, 1
cuddling, 1
patch, 1
soldier
, 1
benzino
, 1
absolutely, 1
example
, 1
guide, 1
beside, 1
crossed, 1
z, 1
won
, 1
spent, 1
object, 1
intentions
, 1
mentioning, 1
beef
, 1
watched, 1
gritted, 1
worry, 1
dying, 1
elevated, 1
escalated
, 1
rapping, 1
chat, 1
"ja", 1
"yappin", 1
magazines, 1
stabbed, 1
50
, 1
mash, 1
directions, 1
receptionist, 1
phones, 1
desk, 1
erection, 1
resurrection, 1
publication
, 1
"50s", 1
inc, 1
orders
, 1
extort, 1
support, 1
important, 1
runyon, 1
avenue, 1
loyalty, 1
award, 1
perfecter, 1
verdict, 1
twisted
, 1
plea, 1
coping, 1
bigger, 1
frankly, 1
lickilty, 1
freestyle,, 1
"docs", 1
handgun, 1
climbin, 1
paddle, 1
floatin, 1
detroit
, 1
d
, 1
boon, 1
docks, 1
nazi, 1
sum, 1
hillbilly, 1
willie, 1
nelson, 1
foolish, 1
chedder, 1
dat, 1
carrots, 1
ass-crack, 1
jacked, 1
tina, 1
turner, 1
shoulder-blades, 1
turnin, 1
grave, 1
(crowd, 1
cheers)---, 1
woooo, 1
(rabbit), 1
freestlyes,, 1
jerked, 1
sermon
, 1
generic, 1
version, 1
suspicious, 1
dudes, 1
german, 1
eh?, 1
worm, 1
braids, 1
rookies, 1
lookie, 1
pussies?, 1
talkin, 1
paddles, 1
sink, 1
disgrace, 1
turtle, 1
race, 1
wickitly, 1
lickity, 1
spick-a-spickety, 1
splyt, 1
lickety, 1
"cavin", 1
"tasin", 1
pages, 1
"cookin", 1
careful, 1
claim, 1
spare, 1
rod, 1
heads, 1
roast, 1
pillow, 1
permanently
, 1
easter, 1
egg
, 1
prepare, 1
swollen
, 1
pedestal
, 1
unstoppable
, 1
trapped, 1
lettuce, 1
olives
, 1
complain
, 1
kosher, 1
ebert, 1
roeper, 1
closer, 1
visine, 1
rozay, 1
jack
, 1
l.a., 1
tag, 1
kat, 1
stacks, 1
nigga
, 1
cabs, 1
phantom, 1
mats, 1
steady, 1
clap, 1
aw
, 1
"locs", 1
chucks, 1
low
, 1
beanie, 1
(oh
, 1
oh)
, 1
(high), 1
do-re-mi-fa-so
, 1
la-di-da, 1
rise, 1
tobasco, 1
mustsanot, 1
tic, 1
mo, 1
cosmos, 1
picasso, 1
exacto, 1
strangling, 1
wives, 1
lasso, 1
grass
, 1
zig, 1
zags
, 1
crossbones, 1
poison
, 1
novato, 1
(novice), 1
niether, 1
macho, 1
popcorn
, 1
expected
, 1
tho, 1
chills, 1
splitting, 1
submitting, 1
skill
, 1
admitting
, 1
"anyones", 1
dilemma
, 1
dali, 1
llama, 1
bin, 1
gramma, 1
jeffrey, 1
dahmer, 1
lala, 1
freezer
, 1
topping, 1
pizza, 1
existed, 1
row
, 1
chronological, 1
ripper
, 1
zipper
, 1
location, 1
dragged, 1
dumped
, 1
motel, 1
lake, 1
attacked, 1
victim
, 1
none
, 1
fun
, 1
ecstasy, 1
dynamite, 1
boards, 1
legends, 1
lyric, 1
symptoms, 1
dosage, 1
antidote, 1
lynn, 1
drum
, 1
sucka, 1
penance, 1
bringing, 1
stillunbelievable, 1
titanium, 1
of
, 1
surprises, 1
rises, 1
stare, 1
stereos, 1
evening
, 1
bloody, 1
ra-hag, 1
magician
, 1
crickets, 1
fence, 1
pale
, 1
pigment, 1
ham
, 1
bish
, 1
kendrick, 1
vintage, 1
mcing, 1
vinci, 1
ren, 1
"stimpys", 1
friend
, 1
pe, 1
gym
, 1
dressed
, 1
khakis, 1
pressed
, 1
nike, 1
crispy, 1
fresh, 1
laced, 1
aftershave, 1
cologne, 1
faint, 1
fresher, 1
chess, 1
"bodys", 1
banging
, 1
yessiree, 1
"kids", 1
baw-wit-da-baw, 1
dang-dang, 1
p-p-p, 1
pow-pow, 1
chicka-chicka, 1
wow-wow, 1
cab
, 1
b-b-bow
, 1
towel
, 1
t-t-towel, 1
tow, 1
(huh-huh), 1
how-how, 1
question, 1
bozos, 1
powerful, 1
cough, 1
carlo, 1
kardashian, 1
lamar
, 1
codeine, 1
note!, 1
lathered
, 1
kangols, 1
carhartt
, 1
cargos, 1
"fixin", 1
broke
, 1
brained, 1
birdman, 1
w-word, 1
heard
, 1
discouraged, 1
jam
, 1
destination, 1
heaven
, 1
politic, 1
passengers, 1
eleven, 1
lords, 1
blessings, 1
lyrically, 1
inclined, 1
"gods", 1
seamstress, 1
tailor, 1
fitted, 1
scriptures, 1
dame, 1
book
, 1
fears, 1
warrior, 1
swords, 1
conan, 1
"sourcell", 1
quote, 1
pops, 1
bitter?, 1
copped, 1
quitter?, 1
similar, 1
squirrel, 1
ringing, 1
niggaz, 1
hating, 1
storm., 1
heavens, 1
playing, 1
spray, 1
uzi, 1
isuzu, 1
whats, 1
mix, 1
sprinkle, 1
l, 1
got?, 1
realest, 1
killers, 1
juggernauts, 1
surviving, 1
dot, 1
threats
, 1
seconds, 1
towers, 1
evacuate, 1
nuclear, 1
spookier
, 1
jaw
, 1
mumbling, 1
jake
, 1
"jacksons", 1
zippers, 1
skipper, 1
flipper, 1
wifey, 1
food
, 1
icy, 1
"94", 1
hoes", 1
pennies, 1
thoughts
, 1
rich, 1
"twentys", 1
spinning, 1
wearing, 1
flags
, 1
(motherfucker)., 1
run), 1
hypnotic
, 1
hennessey
, 1
aight
, 1
kite, 1
"leanin
", 1
"snappin", 1
"bobbin", 1
hustler
, 1
hustle
, 1
protect, 1
triddip
, 1
shiddit, 1
"stuntin", 1
"wantin", 1
"rollin
", 1
thang
, 1
units, 1
grimy, 1
laugh
, 1
"nuttin", 1
"fif", 1
enveloped, 1
fellowship, 1
friendship
, 1
su, 1
images, 1
gimmicks
, 1
evolves, 1
brawl, 1
merit
, 1
badge, 1
honour
, 1
whoevers, 1
after-mizz-ath, 1
izz-ass, 1
hizzon, 1
"fizz-uckin", 1
ricochet
, 1
slumped, 1
"bleedin
", 1
jfk, 1
hk, 1
7-4, 1
gangster, 1
survived, 1
chamber, 1
thrived, 1
danger
, 1
steam
, 1
dappadon, 1
cappa-queens
, 1
creams, 1
tea
, 1
"fuckin", 1
"matic
", 1
shattered
, 1
magnet, 1
pivot, 1
digits
, 1
g-unit
, 1
lloyd, 1
cashis
, 1
f-50
, 1
movement
, 1
tony, 1
yayo
, 1
procrastinated, 1
youre, 1
schools, 1
werent, 1
akward, 1
gymnasium
, 1
checked, 1
alien
, 1
hailey, 1
lainey, 1
.., 1
sleepy, 1
diaper, 1
big?, 1
precious, 1
(okay), 1
kim?, 1
fine!, 1
mind?, 1
couch
, 1
t-v
, 1
mine!, 1
bed?, 1
him!, 1
punk!, 1
(why, 1
this?), 1
drunk!, 1
this!), 1
fuck!, 1
"ey", 1
wakes, 1
haunt, 1
slate, 1
clean, 1
song!, 1
joke?, 1
ha-ha, 1
kim!, 1
(sorry!), 1
scared), 1
(let, 1
(please, 1
hallie, 1
"crackin", 1
grip, 1
"brians", 1
party?, 1
archie, 1
sense
, 1
accidentally, 1
adams, 1
sliced, 1
panics, 1
god!), 1
homicide, 1
note, 1
"couldve
", 1
here!, 1
else!, 1
(ah!), 1
yell!, 1
help!, 1
surprised, 1
schemes, 1
extremes, 1
hero, 1
gravel, 1
shattered, 1
threats, 1
satisfied, 1
masochist, 1
morning
, 1
wake
, 1
sun, 1
smeared, 1
makeup, 1
destruction, 1
softly
, 1
awfully, 1
pushed, 1
coffee, 1
destructive, 1
psychopaths, 1
knives, 1
mountains
, 1
mountains, 1
molehills, 1
counting?, 1
times
, 1
youth, 1
fountain, 1
nuts
, 1
refused, 1
huge
, 1
views, 1
beliefs, 1
"marchin", 1
touch
, 1
particular, 1
direction, 1
"bleachin", 1
peroxide, 1
"reachin", 1
t-shirt, 1
catapult, 1
forefront, 1
predict, 1
impact, 1
chord
, 1
"lovin", 1
shoveled, 1
dumping, 1
shelf, 1
dimples, 1
swoon, 1
(ooh, 1
myself!, 1
lincoln, 1
gimme, 1
studios, 1
labels, 1
exchange, 1
swapped, 1
"sittin", 1
skin
, 1
benefit, 1
suburban, 1
otherwise, 1
exist, 1
squirts, 1
turbulence, 1
instantly, 1
microscope, 1
"searchin", 1
toothed, 1
comb, 1
"tightenin", 1
no!", 1
sponsors, 1
concerts, 1
early, 1
harlem, 1
boston, 1
fathers, 1
blossom, 1
"catchin", 1
activists, 1
"raggin", 1
fagot, 1
pal, 1
spokesman, 1
derringer, 1
character, 1
circus, 1
worthless, 1
pawns, 1
lawns, 1
casket, 1
replace, 1
parental, 1
advisory, 1
sticker, 1
democracy, 1
hypocrisy, 1
tipper, 1
gore, 1
free-ness, 1
speech, 1
divided, 1
embarrassment, 1
allow, 1
types, 1
zoning, 1
limo
, 1
shopping, 1
demo, 1
lyricist, 1
needle, 1
sword, 1
pierce, 1
muck
, 1
keys, 1
driven, 1
sharpest, 1
re-open, 1
scab, 1
instinct, 1
runs, 1
emptying, 1
clips, 1
bury, 1
mud, 1
calmed, 1
warm
, 1
operated, 1
ducked, 1
lightning, 1
gunfight, 1
dangle, 1
ankles, 1
leaks, 1
mains, 1
saddam, 1
crushing, 1
armed, 1
firearm, 1
(here, 1
mommer, 1
adjectives, 1
adverbs, 1
laxatives, 1
"(shittin", 1
rappers), 1
"causing", 1
accidents, 1
irresponsible, 1
acts, 1
rugged, 1
budget, 1
shit!), 1
debt, 1
alphabet, 1
bug, 1
switches, 1
withdrawn, 1
itches, 1
cooks, 1
dishes, 1
click
, 1
posse, 1
kamikaze, 1
strapping, 1
manson
, 1
esham, 1
ozzy, 1
nurse, 1
damage?, 1
earthquake, 1
"quittin", 1
"dealin", 1
"skills", 1
brake, 1
fright
, 1
drawin, 1
blank, 1
da-duh-duh-da-da
, 1
eyeballs
, 1
insides, 1
clam, 1
{*wham*}, 1
"manhoods", 1
stripped
, 1
vicked, 1
shit;, 1
regain, 1
plant
, 1
asap, 1
plan
, 1
sister
, 1
tv
, 1
buries, 1
dull, 1
bad!, 1
upset
, 1
pep, 1
"pressures", 1
try
, 1
lie
, 1
sky
, 1
pigeonholed, 1
homey, 1
wherever, 1
"bailin", 1
whenever, 1
walkin, 1
borderline, 1
limits, 1
different
, 1
significance
, 1
certificate, 1
authenticity
, 1
credibility, 1
smelled, 1
pedestal, 1
unsigned
, 1
serve, 1
mcs, 1
lunchline, 1
crab, 1
outlet
, 1
startin, 1
skeptical, 1
salvation, 1
salvage, 1
battlin, 1
defenses, 1
pity, 1
sun
, 1
limbs
, 1
doin, 1
blow
, 1
stove, 1
explode
, 1
kettle, 1
overloads, 1
learned
, 1
u-turn, 1
burned, 1
"fallin", 1
immature, 1
ingredient
, 1
courage, 1
urge
, 1
surge, 1
occurred, 1
median, 1
"burbs", 1
blur, 1
[intro-, 1
talking], 1
{eminem], 1
(btov), 1
{nate, 1
aye, 1
bumpin, 1
[bobby, 1
creek], 1
zone, 1
atlanta, 1
southern, 1
grammar, 1
wid, 1
goose, 1
tropicana, 1
caboose, 1
sippin, 1
deuce, 1
gain, 1
grace, 1
tooths, 1
stat, 1
simmer, 1
telly, 1
muthafuckin, 1
poppin, 1
givin, 1
trice!, 1
[obie, 1
trice], 1
slug, 1
snuff, 1
goodness, 1
gracious, 1
rat, 1
curious, 1
serious, 1
breast
, 1
brews, 1
annual, 1
annually, 1
"knockin", 1
boots, 1
manual, 1
"anusll", 1
ooze, 1
ding-a-lang, 1
mansion, 1
magnum, 1
matinee, 1
??, 1
shaddy, 1
shed, 1
teddy, 1
ruxpin, 1
instead?, 1
nut
, 1
kid!, 1
bastard, 1
dead", 1
"debbie, 1
"wants", 1
course
, 1
object", 1
"ahh, 1
"anys", 1
head", 1
naaw
, 1
chainsaw, 1
blades
, 1
slingshot, 1
ding, 1
dong, 1
mower, 1
training, 1
raw?, 1
mainiac
, 1
gangsta
, 1
felch, 1
means?, 1
felched, 1
felching, 1
belching, 1
burp
, 1
belch
, 1
helping, 1
puppy
, 1
yelping, 1
"shady, 1
saying?", 1
happening
, 1
"marshall, 1
sitter, 1
tells, 1
"nightmare, 1
elm, 1
street", 1
x
, 1
"pubic, 1
chelsea", 1
"well, 1
rape
, 1
scene", 1
"shit-eatin", 1
itty-bitty, 1
titties, 1
"dicted", 1
diggity
, 1
frigity-friends, 1
bum-stickity-bum
, 1
hun, 1
mickity, 1
"macks", 1
bickity, 1
wickity-wack, 1
fickity-finger
, 1
dizzy, 1
"eatin", 1
"oclock", 1
craving
, 1
ciroc, 1
unbelievable, 1
surreal
, 1
sir, 1
mix-a-lot, 1
picky, 1
"shavin", 1
rabies, 1
"shed", 1
(ha-ha), 1
rott
, 1
mixed?, 1
fixed
, 1
lip-lock, 1
chicks
, 1
snot, 1
solar
, 1
polar, 1
opposite
, 1
colder, 1
sticks
, 1
"boxin", 1
shots
, 1
"hoppin", 1
"drip-droppin", 1
chocolatey, 1
"whip-toppin", 1
hip-hop
, 1
slipknot
, 1
b.i.g.
, 1
kross
, 1
rick, 1
ross
, 1
rocks, 1
flops, 1
knocks, 1
up!), 1
clairvoyance, 1
bangin, 1
chopping, 1
dropping
, 1
mohammad, 1
"parkinsons", 1
dementia
, 1
sadist, 1
entertaining, 1
sprayed, 1
nob, 1
knob, 1
blanking, 1
dangling
, 1
veiny, 1
lobby, 1
kemosabe, 1
hobby, 1
remains, 1
hostage, 1
obvious?, 1
brainer
, 1
cobainer?, 1
lorena, 1
bobbit, 1
wean, 1
weiner, 1
armpits, 1
begun, 1
crumpet, 1
carpet, 1
came
, 1
saw
, 1
conquered
, 1
bonkers, 1
yoga, 1
stretches
, 1
splits, 1
cuisinart, 1
breakfast
, 1
prerequisite, 1
bedroom
, 1
ke$ha, 1
booger
, 1
flick?, 1
pick
, 1
fetch, 1
familiar, 1
oops
, 1
unexpected, 1
freaking, 1
exorcist, 1
mask, 1
münchhausen, 1
proxy, 1
deaf
, 1
foxy, 1
tastes, 1
pie, 1
alongside, 1
humvee, 1
wrist
, 1
ski, 1
iggy, 1
rape, 1
whistle, 1
(squee!), 1
exit
, 1
highway, 1
flavors, 1
kryptonite, 1
nights, 1
packs
, 1
lifesavers, 1
boyfriend
, 1
waving, 1
neighbor, 1
electronic
, 1
razors, 1
bayonet, 1
froze, 1
als, 1
challenge
, 1
adlib, 1
french
, 1
&, 1
tatted, 1
pic, 1
backstabber, 1
sand, 1
gram, 1
purring, 1
pipes, 1
chinky, 1
eyed, 1
japan, 1
listen
, 1
ex, 1
presence, 1
absence, 1
listening, 1
pookie, 1
coop, 1
short
, 1
tantrum, 1
affinity, 1
witty, 1
banter, 1
foulplay, 1
billy, 1
laimbeer, 1
misunderstood, 1
saint
, 1
por, 1
doors, 1
scoreboard, 1
(whatever), 1
tab, 1
loathing, 1
sit
, 1
"starin", 1
time?, 1
jokes
, 1
"cuz", 1
drives, 1
insecurities, 1
sing
, 1
notes
, 1
"er", 1
abort, 1
persona, 1
"pistol-packin", 1
drug-addict, 1
perfectly, 1
bottled, 1
ma, 1
boulder, 1
harda, 1
"breakin", 1
expectations?, 1
determined, 1
given, 1
circumstances, 1
chances
, 1
tasted, 1
"facin
", 1
felonies
, 1
probation, 1
bats, 1
"comin
", 1
"whatd", 1
pre-nup, 1
sayonara
, 1
tomorra
, 1
traveled, 1
rightful, 1
shifted, 1
lifted, 1
aspergers?, 1
condition, 1
suffering, 1
degree, 1
fricken, 1
conditioning, 1
"b****s", 1
"frizzin", 1
chevrolet, 1
prism, 1
rebels, 1
masochism, 1
imagine, 1
adjective, 1
whooping, 1
verbally, 1
abuse, 1
verbs, 1
personally, 1
forgetfully, 1
ditch, 1
fully, 1
cadillac, 1
k, 1
car
, 1
shop, 1
fights, 1
arguing, 1
cart, 1
aisle, 1
whilin, 1
play!, 1
basket, 1
first?, 1
motherf***ing, 1
silent, 1
"minds", 1
clay, 1
"whens", 1
cape?, 1
empire, 1
gates, 1
ashtray, 1
sacheted, 1
scalar, 1
darker, 1
skylar, 1
grey
, 1
tyler, 1
creator
, 1
f***ing, 1
smiley, 1
a**aults, 1
ultra, 1
violet, 1
buffet, 1
$11.99, 1
gauntlet, 1
"s***tin", 1
meantime, 1
a**hole, 1
f***ed, 1
s***
, 1
purplish, 1
slaughter, 1
dimes, 1
nickel, 1
quarter, 1
ndamukong, 1
cougars, 1
milf
, 1
oldest, 1
launcher, 1
overdosed, 1
indigestion, 1
"suggestionss", 1
kaopectate, 1
speculate, 1
spectate, 1
decades, 1
puffy, 1
airhead, 1
pounding, 1
peg, 1
hole
, 1
catchphrase, 1
baggage, 1
storage, 1
headspace, 1
damaged, 1
goods, 1
headcase, 1
mentally, 1
meds
, 1
peed, 1
blind
, 1
legs
, 1
cane, 1
migrains
, 1
g-i-a-empty, 1
g.i., 1
joes, 1
p-i-e, 1
peep, 1
echo, 1
iko, 1
mike-o
, 1
nightpost, 1
sock, 1
dyko
, 1
harley, 1
davidson, 1
menstrual, 1
mike, 1
strike, 1
maestro
, 1
nitro, 1
heigh-ho
, 1
shovel, 1
libel, 1
h-e, 1
sticks, 1
s***., 1
blouse, 1
c***, 1
tucket, 1
stroke, 1
jerk
, 1
hello?, 1
manic, 1
prime, 1
candidate, 1
gene, 1
traits, 1
pressure, 1
climbs, 1
dramatic, 1
gravitate, 1
sips, 1
gradually, 1
"havent", 1
somethings, 1
scare, 1
dorritos, 1
cheetos, 1
musketeers, 1
brew, 1
sober, 1
f***er, 1
cowboys, 1
buccaneers, 1
halfed, 1
buzzed, 1
mastermind, 1
rational, 1
gla**, 1
asinine, 1
ouch, 1
hungover, 1
systems, 1
splash, 1
ahh, 1
deshaun, 1
rules, 1
"helpin", 1
twelve, 1
noon, 1
inducing, 1
snooze, 1
relapse, 1
homes, 1
convinced, 1
insomniac, 1
naps, 1
function, 1
throughout, 1
nap, 1
average, 1
outcome, 1
nomonia, 1
bologna, 1
methadone, 1
hydrocodone, 1
pornos, 1
vcr, 1
cr, 1
places, 1
whitney, 1
elaina, 1
damn., 1
american, 1
dream!, 1
definition, 1
balling
, 1
toilet
, 1
"darlin!", 1
benz
, 1
"fuckin
", 1
friend?, 1
origin, 1
again!, 1
pimping, 1
johnny, 1
entourage, 1
breeze
, 1
s-superstar
, 1
mama!, 1
pajamas?, 1
cuevo
, 1
navel, 1
fooling, 1
gate
, 1
april!, 1
april
, 1
differentiate, 1
phoney
, 1
fishy, 1
sissy, 1
skip, 1
huggy-bear, 1
kissy, 1
initiate, 1
three!, 1
missy, 1
service, 1
jagger
, 1
nervously, 1
baby!, 1
lady!, 1
humor
, 1
warped
, 1
rapture, 1
recapture, 1
sweating, 1
"whyd", 1
grabbed, 1
frantic, 1
romantic, 1
organic, 1
ignore, 1
"camcordin", 1
shorty
, 1
napkin, 1
spine, 1
alignment, 1
amy, 1
winehouse, 1
lineup, 1
snoring
, 1
pint, 1
pineapple, 1
schnapps, 1
"onell", 1
"don\t, 1
disturb"
, 1
superb, 1
dopest, 1
words?, 1
mothafuckas, 1
"yous", 1
projects, 1
gunshots, 1
bodies, 1
"musics", 1
parties, 1
wife), 1
glock, 1
d-j, 1
messed, 1
tec, 1
hex, 1
(kuniva, 1
aight), 1
"(wheres", 1
exit, 1
"wildin", 1
"clingin", 1
"sobbin", 1
"sighin", 1
earlier, 1
shield, 1
"yellin", 1
me!), 1
squeezed, 1
38, 1
(with, 1
car?), 1
gat, 1
tire, 1
(is, 1
hit?), 1
mitsubishi, 1
swear), 1
carcus, 1
strut
, 1
a-k, 1
tuck, 1
camp, 1
perform, 1
marshals, 1
"venues", 1
vans, 1
argument, 1
"aimin", 1
"aways", 1
stray, 1
"slidin", 1
mozeltoff, 1
wizzed, 1
near, 1
von, 1
tucks, 1
"haulin", 1
trampled, 1
scoop, 1
"bizarres", 1
collapsed, 1
"denauns", 1
eagle, 1
revenge, 1
"twos", 1
"thirds", 1
bartender, 1
"drivin", 1
mitsubishi), 1
"sup, 1
shady., 1
baby", 1
"becky, 1
eminem", 1
rock", 1
"please, 1
cock", 1
fellas, 1
acapellas, 1
"yellin
", 1
babes, 1
bras, 1
sibling, 1
rivalry, 1
kuniva, 1
"albas", 1
despise, 1
protools, 1
vocals, 1
performance, 1
van, 1
yous, 1
kuniva), 1
smaller, 1
decimal, 1
simmons, 1
intect
, 1
map, 1
jumpin, 1
"whilin", 1
whipped, 1
punk, 1
takin, 1
screwed, 1
say?!, 1
"sposed", 1
swear
, 1
singers, 1
amusement, 1
musics, 1
dumbass, 1
band), 1
instruments, 1
area, 1
code, 1
security, 1
dre?!), 1
solo, 1
loot, 1
kon, 1
suggestions, 1
eminem?), 1
anyway, 1
popularest, 1
stomach
, 1
sexy), 1
situps, 1
buff, 1
band(ha, 1
hands(fuck, 1
marshall), 1
hottest, 1
d12!, 1
single
, 1
underpants
, 1
"(whered", 1
go?), 1
millionaire
, 1
ill-prepared, 1
prepared, 1
skill, 1
beginning
, 1
busting, 1
acronym, 1
happy
, 1
anthem
, 1
end?, 1
"whatll", 1
alligator, 1
12, 1
noon
, 1
straighter, 1
dislocate, 1
rotator, 1
cuff, 1
rough
, 1
ruffle, 1
feathers
, 1
egos, 1
deflate, 1
erupt!, 1
goals, 1
vault, 1
tank
, 1
siphon, 1
climate, 1
washed, 1
bath, 1
adapter
, 1
adjust, 1
"floors", 1
"mufucka", 1
pump
, 1
60, 1
g-unit, 1
hyphen
, 1
hyping, 1
rut, 1
"mightve", 1
mistook, 1
bowing, 1
stabbing, 1
gut
, 1
butt!, 1
mic
, 1
excited, 1
biting, 1
angrier
, 1
remind, 1
quitting, 1
ideas
, 1
saddle, 1
eat
, 1
sleep
, 1
live
, 1
consists, 1
refuse, 1
quit
, 1
lit
, 1
de-fuse, 1
wick, 1
lose
, 1
overdue
, 1
showing, 1
diploma, 1
school
, 1
quit!, 1
trades, 1
tool-box-es, 1
pried, 1
pliers, 1
screw-drive-rs, 1
buh-lieve, 1
suc-ceed, 1
es-teem, 1
through-the-roof, 1
bul-let, 1
disgust, 1
a-llergic, 1
failure, 1
ime, 1
sneeze
, 1
atchoo, 1
achieve!, 1
dissed, 1
denied, 1
wick-wack?, 1
"nicks", 1
obsessed, 1
gee
, 1
goatee?, 1
calls, 1
wild-n-out, 1
house?, 1
finding, 1
contrary
, 1
mixing, 1
session, 1
mastering, 1
occur, 1
pictures?, 1
however, 1
prefer, 1
faggot
, 1
career
, 1
bitch-cunt, 1
psycho-ass, 1
lucky?, 1
base?, 1
punk?, 1
humping, 1
girly
, 1
nutted, 1
ejaculated, 1
prematurely, 1
belly, 1
hurling, 1
gross
, 1
towel, 1
stomachs, 1
curling?, 1
"songs", 1
airplay
, 1
16
, 1
32, 1
34, 1
"whore"
, 1
nick?, 1
alcholic, 1
cellar
, 1
amounts, 1
pounce, 1
areas, 1
episode, 1
cribs
, 1
ribs, 1
opening, 1
jibs, 1
fibs, 1
ho
, 1
warning, 1
bluff, 1
release, 1
including, 1
voicemails, 1
luis, 1
slot, 1
whisper, 1
nothings, 1
ear
, 1
refresh, 1
memory, 1
truce?, 1
cute
, 1
mmm, 1
p.
, 1
superhero, 1
my
, 1
nope
, 1
ann., 1
"anns", 1
saying
, 1
"cut, 1
tape", 1
knife!, 1
seven
, 1
toss, 1
logo, 1
flooded, 1
risk
, 1
crews, 1
cameras, 1
(brrr), 1
sean
, 1
attitude?, 1
"niggas, 1
midas, 1
comparisons, 1
therapist, 1
african-american, 1
millionaire, 1
30, 1
flint, 1
handout, 1
"sams", 1
boat, 1
usain, 1
"heads", 1
blessing, 1
depending, 1
anomaly
, 1
apologies, 1
policy, 1
wood, 1
steering, 1
pirate, 1
acknowledging, 1
painting
, 1
higher, 1
know?, 1
hypnotized, 1
visualize, 1
rise
, 1
g.o.a.t., 1
gods, 1
flavor, 1
savor, 1
buds
, 1
at
, 1
hater?, 1
raper, 1
classmate, 1
graded, 1
reversing, 1
30
, 1
amazingly, 1
sturdy
, 1
zany, 1
wordy, 1
brainy, 1
nerdy
, 1
blatantly, 1
insanely, 1
perverted
, 1
rapey, 1
scurvy, 1
murdering, 1
jamie, 1
curtis, 1
furnace
, 1
heater, 1
furniture
, 1
egg, 1
beater
, 1
thermos, 1
disturbing
, 1
"sayings", 1
urinating, 1
fergie
, 1
81, 1
turning, 1
aaron, 1
hernandez, 1
emergency
, 1
planets, 1
"bradys", 1
returning
, 1
deserving, 1
patriots, 1
inexplicable, 1
growl, 1
pit, 1
terrier, 1
"hittin", 1
despicable
, 1
foul, 1
missile
, 1
thunder, 1
100, 1
digital, 1
ann, 1
coulter, 1
klan, 1
post
, 1
shutter, 1
cutter
, 1
sandal
, 1
opener
, 1
candle, 1
piano
, 1
flannel
, 1
sucker
, 1
butter, 1
banjo, 1
manhole, 1
smother, 1
trample, 1
tramp, 1
rover, 1
lambo
, 1
runner, 1
ham, 1
donut, 1
rambo
, 1
example, 1
sandra, 1
bland, 1
philando, 1
hannibal, 1
lamb
, 1
anti
, 1
commando, 1
"drumpfs", 1
l.a.
, 1
bronco, 1
elway, 1
speeding
, 1
chick
, 1
del, 1
rey, 1
beatin, 1
bleeding, 1
yell
, 1
"wait!"
, 1
pleading—but, 1
"michelle", 1
helium, 1
pale, 1
medium, 1
sized, 1
welt, 1
"hells", 1
problems,, 1
self-made, 1
meaning, 1
"ima—", 1
lowkey, 1
in), 1
outside", 1
drummer, 1
drumming, 1
trumpets
, 1
summon, 1
someone
, 1
summit, 1
plummet
, 1
true?, 1
hallucinogens
, 1
"lucifers", 1
den, 1
dutch, 1
oven, 1
choosing, 1
soul
, 1
undisputed, 1
crown, 1
thorns, 1
cracks, 1
underdog, 1
bark
, 1
sport, 1
"bow-wowd", 1
pout
, 1
love-hate, 1
counting, 1
appear, 1
whereabouts, 1
quitter, 1
stepped, 1
headstrong, 1
next
, 1
(kings, 1
die), 1
sob, 1
liar
, 1
preach, 1
choir, 1
handed, 1
flyer, 1
obliterate, 1
features, 1
blowout, 1
retire, 1
artists, 1
age
, 1
twitter, 1
upstaged?, 1
online?, 1
gauge, 1
"gonna", 1
conform, 1
opinions, 1
sway
, 1
passionate, 1
miraculous, 1
comeback, 1
detractors, 1
(so, 1
much), 1
renegade, 1
(some, 1
champion, 1
awesome?), 1
cynics, 1
(just, 1
"backs", 1
pent-up, 1
rage
, 1
plaques, 1
metaphors, 1
accomplishments
, 1
accolades
, 1
duck, 1
riddick, 1
"bowed", 1
"criticsll", 1
critical, 1
throne, 1
token, 1
homage, 1
poem
, 1
ode, 1
owed, 1
tossed, 1
arm
, 1
launched, 1
collarbone, 1
leaving), 1
obstacle, 1
road
, 1
gold
, 1
(they, 1
jay
, 1
prolong, 1
moments, 1
blink, 1
over), 1
secure, 1
shakur, 1
ensure, 1
fury, 1
pure, 1
cerebral, 1
deacon, 1
syllable, 1
mistaking, 1
weakness, 1
meanness, 1
milk, 1
farina, 1
flipping, 1
burgers, 1
peanuts, 1
"gilberts", 1
gilbert, 1
dreamers, 1
silver, 1
"rockys", 1
theme, 1
khalil, 1
fulfilling, 1
sound
, 1
vomit
, 1
thirst, 1
common, 1
commons, 1
outsider, 1
growl
, 1
hunger, 1
out-rhyming, 1
everyone
, 1
entertain, 1
jasmine
, 1
aladdin, 1
ahead
, 1
"laggin", 1
"gaggin", 1
footage
, 1
"spazzin", 1
has-been?, 1
has-been, 1
(haha), 1
plasma, 1
asthma, 1
pumps
, 1
"sentencin", 1
hoe
, 1
punt, 1
trauma
, 1
blunt, 1
"cuttin", 1
brag, 1
pad-a-lock, 1
m
, 1
"whips", 1
drips, 1
twisted-ass, 1
pretzel, 1
eraser, 1
peel, 1
meal, 1
"turnin
", 1
axel, 1
tie-rod, 1
"hollerin", 1
"why
", 1
"god?", 1
"bygonesll", 1
bygones
, 1
"swallowin", 1
wad, 1
"blowin", 1
titty
, 1
dye, 1
tightwad, 1
ipod, 1
"stealin", 1
pees, 1
tripod!, 1
moral, 1
"treatin", 1
sod?, 1
minaj
, 1
(ask, 1
not), 1
wo-world, 1
"punchin", 1
scrunch, 1
target, 1
lunge, 1
bumped, 1
wagon, 1
traffic, 1
(i-i-i-i-is), 1
"puttin", 1
shoulda, 1
thank-you, 1
note
, 1
wrap, 1
(ni-ni-ni), 1
"nicki
, 1
spot", 1
spot?, 1
"shittin
", 1
brooklyn, 1
i-i-i-i, 1
"mumblin
", 1
"cacklin", 1
shook
, 1
"panickin", 1
overseas
, 1
church
, 1
vatican, 1
mannequin, 1
overnight?, 1
boss
, 1
overwrite, 1
vroom
, 1
buck
, 1
overbite, 1
dusty-ass, 1
filas
, 1
"levis", 1
raggedy-ass
, 1
knee-highs, 1
eli!), 1
ma-ma-ma-ma
, 1
eli), 1
a-a-a-a-all, 1
fagots, 1
"homo
", 1
magnets, 1
straitjackets, 1
hungry
, 1
gastric, 1
bypass, 1
eyelids, 1
(eyelash!), 1
"flyin", 1
falcon, 1
wing, 1
"nickis", 1
clash, 1
(high, 1
class), 1
(white, 1
trash), 1
mad!, 1
cell!, 1
promise!, 1
"mothers", 1
roman, 1
please!, 1
bed!, 1
along!, 1
go!, 1
on!, 1
(boys
, 1
boys), 1
realized
, 1
vocal, 1
cords, 1
more?!, 1
bullet
, 1
chaos, 1
"oh
, 1
raping, 1
mother
, 1
abusing, 1
whore
, 1
snorting, 1
cover?", 1
tragedies, 1
invented, 1
violence
, 1
vile, 1
venomous, 1
volatile, 1
vain, 1
vicadin
, 1
vrinnn, 1
vrinnn
, 1
vrinn!, 1
texas, 1
"danglin", 1
neck
, 1
hangs, 1
guts
, 1
guns
, 1
lives
, 1
wives
, 1
nuns
, 1
"bringin", 1
too!, 1
(cause, 1
why?), 1
(ah-ha, 1
(why?), 1
weapon
, 1
conceal, 1
mildew
, 1
sheets
, 1
pillows, 1
film, 1
buck, 1
develop, 1
blow-up, 1
doll, 1
strap-on, 1
added, 1
whoops!, 1
hint?, 1
intent, 1
sodomize, 1
offend?, 1
insult, 1
impulse, 1
tenth, 1
forest, 1
bloodstain, 1
orange, 1
tub, 1
norman?, 1
"hidin", 1
material, 1
cereal, 1
stereo, 1
minds
, 1
eh-heh
, 1
things?, 1
"ladys", 1
screams, 1
"creepin", 1
seem
, 1
shrinks, 1
threece!, 1
twice?, 1
whatever
, 1
shots!, 1
outweigh, 1
ratings, 1
stink?, 1
announcer, 1
seventy-thousand, 1
principal, 1
student, 1
counselor, 1
in-school, 1
lungs, 1
machete, 1
o.j., 1
"eggin", 1
stop?, 1})
