Slim Shady, 36
Shady, 29
Dre, 27
Slim, 20
Kim, 13
Yo, 10
Marshall, 10
Eminem, 10
MC, 9
Superman, 9
Slim Shady\n, 9
Slim Shadys, 8
Erica, 7
Ma, 6
Bitch, 6
Nick, 6
Eric, 6
Doc, 5
dick, 5
cleanin, 5
Mariah, 5
Rap God, 4
Nascar, 4
Rabbit, 4
Ronnie, 4
Stan, 4
yo, 4
Bobby, 4
Slim Shady Hi, 4
Fuck, 4
Tahoe, 4
D12, 4
Lose Yourself, 3
forgettin, 3
Da da dumb, 3
stepwritin, 3
Yea, 3
Lookin, 3
runnin, 3
Tom, 3
Kris Kross, 3
Dude, 3
Officer, 3
Jessica Simpson, 3
Damn, 3
Yall, 3
actin, 3
startin, 3
Bizarre, 3
Clique, 3
Roman, 3
Bill Clinton, 2
Monica Lewinsky, 2
Ac, 2
Rap, 2
Cube, 2
Yella, 2
Run DMC, 2
Dale Earnhardt, 2
Odin, 2
Rapunzel, 2
Ray J mad, 2
Maywhether, 2
Ray J, 2
Bruce Lee, 2
Kool Keith, 2
Russell Wilson, 2
Rumpelstiltskin, 2
shittin, 2
muhfuckers, 2
Obie Trice, 2
Cheney, 2
Tryna, 2
arguin, 2
Daddy, 2
Britney Spears, 2
Bonnie, 2
Skam, 2
Phil Collins, 2
Phil, 2
Starter, 2
motherfuckin, 2
Cheddar Bob, 2
Papa Doc, 2
Mm, 2
Wanna, 2
Spice Girl, 2
Pamela Lees, 2
Dave, 2
Argh, 2
Triumph, 2
fackin cum, 2
Bumpin, 2
grindin, 2
Knowin, 2
kiddin, 2
bush, 2
Andre, 2
Elvis, 2
Benz, 2
Jack, 2
Movin, 2
Walmart, 2
Vanilla Ice, 2
Von, 2
Aftermath, 2
marshall, 2
motherfucker, 2
Robin Williams, 2
Vicodin, 2
Kinda, 2
Bitches, 2
Mary Poppins, 2
Kings, 2
Nicki Minaj, 2
Lois Lane, 1
Poppin, 1
Dr Dre, 1
Lebron, 1
Pacquiao, 1
Kwame Kilpatrick, 1
Wendy Williams, 1
Bruno, 1
pollutin, 1
nana, 1
bent antenna, 1
endin, 1
Chris Kirkpatrick, 1
Moby, 1
Elvis Presley, 1
Haha Marshall, 1
Mommy, 1
Novara, 1
Laney, 1
Papa, 1
Shh, 1
Slim Shadys, 1
Die Shady, 1
Makin, 1
Pam, 1
Tommy, 1
Tom Green, 1
Will Smith, 1
Christina Aguilera, 1
Carson Daly, 1
Fred Durst, 1
Eminem V.D., 1
Valiums, 1
Jergens, 1
a Slim Shady lurkin, 1
a Slim Shady, 1
explodin, 1
breathin, 1
mornin, 1
Ida, 1
Witnessin, 1
Munchausen, 1
Bibles, 1
Marsh, 1
Amoxicillin, 1
Reggie, 1
Jay-Z, 1
Tupac, 1
Biggie, 1
Nas, 1
Kim Mathers, 1
Hailie Jade, 1
Put Anthrax, 1
Frozen, 1
Mary-Kate, 1
Ashley, 1
Mary Kates, 1
Pee Wee Herman, 1
Michael, 1
Hilary Duff, 1
Jesus, 1
Janet, 1
Ah-nuld, 1
Cum, 1
lettin, 1
fackin, 1
3-way, 1
Fack, 1
prima donna, 1
drama screamin, 1
N Sync, 1
Marilyn, 1
Wipe, 1
finna finna, 1
lookin, 1
Oho, 1
tastin, 1
wobblin, 1
Yo Pac, 1
Guerrera, 1
totin, 1
knowin, 1
protectin, 1
lotto dawg, 1
Eddie Hasko, 1
Cleaver, 1
Guy, 1
Boy, 1
Meet Eddie, 1
Renee, 1
George Burns Fuck, 1
Slim yo, 1
Meet Stan, 1
Meet Grady, 1
Dee Barnes, 1
Temper, 1
N.W.A., 1
AK, 1
Grady, 1
Pajama, 1
Crusin, 1
Feelin, 1
Duba, 1
teletubie fellas, 1
fella, 1
Nathan, 1
Dreamin, 1
a.k.a Bobby Ray, 1
Myspace, 1
Marshall Mathers, 1
Zantac, 1
Kim Kardashians, 1
Gluteus, 1
Lindsay, 1
Samantha, 1
Charlie Horse, 1
Ellen DeGeneres, 1
Sarah Palin, 1
Ritalin, 1
Jennifer, 1
John Mayer, 1
Jessica Alba, 1
Jessica, 1
Amy, 1
Blake, 1
Baby, 1
Dre They, 1
Waco, 1
Motherfucker, 1
Jimmy Choo, 1
Cheddar Bomb, 1
Shady-mania, 1
Brown, 1
Jerry Lee Lewis, 1
Karat Kid, 1
Senna, 1
Indy, 1
Peter Pan, 1
Harry Carey, 1
Yo Slim Shady, 1
Brown Trucker, 1
Rum, 1
Nathan yo, 1
Debbie Mathers, 1
Walkman, 1
Phife Dawg, 1
Brian Dawkins, 1
Brian Baldingers, 1
Legacy, 1
Claimin, 1
Swayze, 1
kinda, 1
Morgan, 1
Jack Kevorkian, 1
Michael Jackson, 1
Runnin, 1
Homie, 1
Tell, 1
exaggeratin, 1
Mischief, 1
Christopher Reeves, 1
Dumber, 1
Heroine mescaline, 1
chillin, 1
ceilin, 1
Imma, 1
Ice Cubes, 1
D.O.C, 1
Karl Kani, 1
Dre Step, 1
Jay Z, 1
Ja, 1
Papa Docs, 1
Willie Nelson, 1
Chedder Bob, 1
Tina Turner, 1
WOOOO Eminem, 1
Eric Sermon, 1
swag jack, 1
motherfucker kat, 1
black beanie dog\n, 1
yea yea, 1
mo kick, 1
zig zags, 1
doc, 1
Dali Llama, 1
Jeffrey Dahmer, 1
Ripper, 1
da Vinci, 1
MC Ren, 1
gang bang bang, 1
Yessiree Bob, 1
Monte Carlo, 1
Conan, 1
Michael Jacksons, 1
Hypnotic, 1
standin, 1
Fif, 1
Banks, 1
Ferrari, 1
bleedin, 1
JFK, 1
Dappadon Cappa-queens, 1
Lloyd Banks, 1
Ferrari F-50, 1
Tony Yayo, 1
woulda, 1
akward, 1
Brian, 1
Archie, 1
Glass, 1
Sittin, 1
Actin, 1
Gore, 1
Saddam, 1
Shittin, 1
Kamikaze, 1
Manson, 1
Esham, 1
Ozzy, 1
quittin, 1
Da-duh-duh-da-da, 1
bailin, 1
feelin, 1
fallin, 1
BTOV, 1
Obie, 1
knockin, 1
dick sucked, 1
Teddy Ruxpin, 1
Naaw, 1
ding dong, 1
Burp, 1
Ciroc, 1
Mix, 1
Slipknot, 1
Rick Ross, 1
Mohammad, 1
chick, 1
MÃ¼nchhausen, 1
Humvee, 1
Jay Electronic, 1
Gram, 1
Pookie, 1
Billy Laimbeer, 1
Bob, 1
Jay, 1
Skylar Grey, 1
Tyler the Creator, 1
Violent Jay, 1
Ndamukong, 1
Kaopectate, 1
maestro, 1
nitro, 1
Nighquil, 1
Mommy somethings, 1
Dorritos, 1
Deshaun, 1
Heath, 1
Elaina, 1
Johnny Drama, 1
Amy Winehouse, 1
tryna run, 1
Hex, 1
tryna slip, 1
Chorus, 1
Sleepin, 1
Swift shootin, 1
shootin, 1
Denaun, 1
Desert Eagle, 1
tryna, 1
Jessica Albas, 1
Protools, 1
Russell Simmons, 1
Till Kon Artist, 1
Fuck Marshall, 1
Fuck D12, 1
Roxanne Girl, 1
hands(Fuck Marshall, 1
Damn Slim, 1
Cribs, 1
Luis, 1
Mary P., 1
Mary Ann, 1
Mary Anns, 1
Sean, 1
Midas, 1
don, 1
Usain Bolt, 1
G.O.A.T., 1
Jamie Lee Curtis, 1
Fergie, 1
the Aaron Hernandez, 1
Brady, 1
Pat, 1
Terrier hittin, 1
Ann Coulter, 1
Klan, 1
Hummer, 1
Road Runner, 1
Drumpf, 1
Elway, 1
Del Rey, 1
Lucifer, 1
jack, 1
Jam Master Jay, 1
Farina, 1
Gilbert Arenas, 1
Khalil, 1
Aladdin, 1
gettin, 1
Shoulda, 1
Levi, 1
ma-ma-ma-ma, 1
Manning, 1
Texas Chainsaw, 1
bringin, 1
Buck, 1
Devil, 1
Norman, 1
